timestamp,latitude,longitude,CAPE,CIN,temperature,humidity,pressure,wind_speed,wind_direction,wind_shear,cape_score,humidity_score,shear_score,cin_score,instability_score,instability_level
2011-03-02 16:30:00,17.31,78.2355,1925.9,17.7,23.7,89.0,1007.0,31.1,145,19.2,18.264014466546115,67.08860759493672,32.09764918625678,52.89330922242315,37.7,MODERATE
2011-03-02 17:00:00,17.4596,78.6268,2824.3,4.4,26.6,89.9,1000.6,34.7,260,25.7,66.09403254972875,72.15189873417721,70.29837251356238,90.95840867992767,73.1,HIGH
2011-03-02 17:30:00,17.375,78.3253,2269.5,10.2,24.5,89.4,1003.8,32.8,15,21.8,33.725135623869804,69.62025316455697,46.1121157323689,74.59312839059675,51.6,MODERATE
2011-03-02 18:00:00,17.324,78.3883,2745.2,14.2,25.2,84.8,999.9,21.3,205,14.4,61.66365280289331,44.98191681735986,9.22242314647378,64.05967450271248,48.3,MODERATE
2011-03-09 18:15:00,17.4551,78.3416,2147.4,9.9,26.6,82.1,1000.3,31.7,305,18.8,26.40144665461121,29.88245931283906,28.84267631103074,75.40687160940325,37.4,MODERATE
2011-03-09 18:45:00,17.3558,78.3088,2745.1,2.4,24.4,88.6,1007.8,23.6,15,17.6,61.57323688969258,65.05424954792043,21.066907775768534,94.62025316455697,60.8,HIGH
2011-03-09 19:15:00,17.2696,78.6788,2136.1,21.7,26.0,93.5,1003.4,35.3,20,23.7,25.76853526220615,85.35262206148282,59.17721518987342,40.46112115732369,47.3,MODERATE
2011-03-11 18:15:00,17.389,78.6115,2253.6,1.9,21.7,84.1,998.1,22.4,340,21.7,32.5497287522604,41.274864376130196,45.52441229656419,95.750452079566,49.5,MODERATE
2011-03-11 18:45:00,17.5759,78.6887,2233.1,23.1,26.7,95.6,1000.5,34.4,250,13.8,30.74141048824593,92.45027124773961,6.283905967450271,37.34177215189873,39.5,MODERATE
2011-03-11 19:15:00,17.3526,78.3244,2717.3,22.7,21.8,86.3,998.2,35.9,10,18.7,59.6745027124774,52.48643761301989,27.66726943942134,38.51717902350814,47.6,MODERATE
2011-03-11 19:45:00,17.4282,78.6221,2227.9,16.8,26.3,88.5,999.3,20.9,65,22.6,30.198915009041592,64.28571428571429,51.13019891500904,55.4249547920434,46.2,MODERATE
2011-03-17 14:15:00,17.3666,78.6421,1983.8,0.3,26.5,83.5,1001.2,50.4,75,25.3,19.936708860759495,37.9746835443038,68.71609403254972,99.23146473779386,49.2,MODERATE
2011-03-17 14:45:00,17.4061,78.3641,1893.0,20.2,25.6,94.7,1005.9,22.9,190,18.9,17.088607594936708,88.87884267631104,29.8372513562387,45.43399638336347,39.7,MODERATE
2011-04-01 14:45:00,17.3254,78.2476,3381.8,32.1,23.1,78.8,997.0,60.8,160,21.5,82.36889692585895,23.010849909584085,44.66546112115732,14.376130198915005,49.4,MODERATE
2011-04-01 15:15:00,17.3905,78.4677,3875.4,32.0,28.9,70.6,999.9,62.8,75,22.6,92.76672694394213,9.448462929475587,51.13019891500904,14.556962025316455,52.1,MODERATE
2011-04-01 15:45:00,17.5197,78.485,3259.3,14.7,23.7,89.2,1003.1,60.3,90,24.8,79.02350813743219,68.3996383363472,65.77757685352623,62.56781193490054,71.0,HIGH
2011-04-01 16:15:00,17.4916,78.6428,3974.2,36.2,28.1,67.3,996.5,70.9,120,30.1,95.07233273056059,4.2947558770343575,81.55515370705244,9.629294755877037,57.1,MODERATE
2011-04-02 20:30:00,17.5382,78.5707,3594.0,33.1,25.9,72.9,1002.3,67.4,60,35.3,87.25135623869801,13.155515370705245,93.85171790235081,13.33634719710669,59.0,MODERATE
2011-04-02 21:00:00,17.2931,78.2312,3455.8,12.8,23.6,75.7,995.5,70.5,325,18.6,83.81555153707052,17.90235081374322,26.80831826401447,68.30922242314648,56.1,MODERATE
2011-04-02 21:30:00,17.4031,78.5389,2856.3,11.2,30.9,87.7,1002.7,45.0,70,18.8,68.08318264014467,60.53345388788427,28.84267631103074,71.88065099457505,59.5,MODERATE
2011-04-15 17:00:00,17.5136,78.298,2658.5,33.9,28.8,82.3,1001.2,56.7,340,23.0,55.4249547920434,31.193490054249544,54.06871609403255,12.115732368896925,41.6,MODERATE
2011-04-15 17:30:00,17.5227,78.6714,2885.0,14.1,26.4,72.8,1000.5,71.5,295,20.8,70.25316455696202,12.884267631103075,40.822784810126585,64.46654611211574,51.7,MODERATE
2011-04-15 18:00:00,17.4506,78.276,4037.5,36.6,23.2,82.6,1001.9,50.0,250,19.4,96.11211573236889,33.047016274864376,33.36347197106691,9.177215189873422,53.6,MODERATE
2011-04-15 18:30:00,17.4948,78.66,4051.1,23.0,23.9,91.6,1002.6,40.0,310,36.4,96.38336347197107,78.93309222423146,96.24773960216999,37.56781193490054,81.1,VERY HIGH
2011-04-21 18:00:00,17.4729,78.4702,2917.7,40.1,26.1,87.0,999.0,50.1,185,27.3,71.42857142857143,55.56057866184448,75.5877034358047,5.153707052441225,55.8,MODERATE
2011-04-21 18:30:00,17.4343,78.4313,3355.0,19.2,26.1,79.4,995.6,44.2,345,28.9,81.8264014466546,24.141048824593128,79.29475587703436,47.83001808318264,63.0,HIGH
2011-04-21 19:00:00,17.5575,78.5185,2869.8,10.6,29.4,81.7,999.8,70.8,185,33.8,69.16817359855335,28.887884267631105,90.95840867992767,73.01084990958408,66.2,HIGH
2011-04-21 19:30:00,17.4997,78.5551,3757.1,10.7,24.6,84.3,999.4,65.2,60,20.1,90.50632911392405,42.269439421338156,36.844484629294755,72.73960216998192,66.6,HIGH
2011-04-23 20:00:00,17.2859,78.6512,3084.7,14.6,23.8,69.9,1003.4,60.5,315,28.3,75.04520795660035,8.363471971066907,77.84810126582279,62.92947558770343,59.8,MODERATE
2011-04-23 20:30:00,17.4387,78.5111,3039.2,14.9,25.8,85.5,995.1,39.6,305,18.9,74.4122965641953,48.41772151898734,29.8372513562387,62.0253164556962,57.8,MODERATE
2011-04-25 20:00:00,17.3292,78.2313,3830.9,33.3,28.8,85.8,995.7,49.3,30,20.3,92.31464737793851,49.90958408679928,37.839059674502714,13.15551537070524,57.1,MODERATE
2011-04-25 20:30:00,17.5298,78.4362,2390.8,19.8,28.4,83.0,1000.3,46.0,230,29.2,39.42133815551537,35.081374321880645,80.0632911392405,46.51898734177215,48.1,MODERATE
2011-05-12 17:15:00,17.3541,78.6365,3695.4,43.1,25.6,79.9,1000.2,74.2,155,19.5,89.60216998191682,25.361663652802896,33.90596745027125,2.124773960216997,48.1,MODERATE
2011-05-12 17:45:00,17.5302,78.3751,2539.0,27.3,30.5,83.8,1000.1,38.9,110,30.3,48.91500904159132,39.46654611211573,81.8264014466546,24.502712477396027,48.7,MODERATE
2011-05-16 21:30:00,17.3586,78.5583,3255.3,26.4,26.8,78.4,1001.9,39.1,270,24.7,78.84267631103074,22.151898734177212,65.14466546112115,26.67269439421338,54.3,MODERATE
2011-05-16 22:00:00,17.5594,78.4011,2741.5,30.8,26.3,65.7,996.4,63.6,320,31.2,61.39240506329114,1.3110307414104883,84.17721518987342,16.274864376130193,44.9,MODERATE
2011-05-16 22:30:00,17.4379,78.346,2592.2,25.2,27.8,74.2,1000.1,70.5,35,29.1,51.44665461121157,15.641952983725135,79.92766726943941,30.334538878842675,45.8,MODERATE
2011-05-17 18:00:00,17.3502,78.6795,3022.1,6.3,25.8,82.1,1001.1,56.2,345,27.0,73.77938517179024,29.88245931283906,74.77396021699819,85.71428571428572,67.6,HIGH
2011-05-17 18:30:00,17.3426,78.539,3723.2,14.5,28.8,74.9,1000.7,60.3,75,28.7,90.05424954792043,16.77215189873418,78.79746835443038,63.33634719710669,67.8,HIGH
2011-05-18 21:15:00,17.4176,78.4357,4188.9,12.0,23.1,78.3,996.6,49.7,330,32.9,99.72875226039784,21.925858951175407,88.5623869801085,70.25316455696202,76.0,HIGH
2011-05-18 21:45:00,17.4705,78.4911,2387.3,19.7,25.1,71.6,1003.8,50.7,130,35.8,39.24050632911392,11.075949367088606,95.02712477396021,46.88065099457505,46.3,MODERATE
2011-05-18 22:15:00,17.4018,78.3904,3490.2,31.8,29.9,71.2,999.5,57.9,80,33.4,84.62929475587704,10.30741410488246,89.78300180831826,15.099457504520796,56.9,MODERATE
2011-05-26 17:30:00,17.4105,78.5738,2273.4,15.1,28.7,89.2,999.6,56.3,185,20.1,33.99638336347197,68.3996383363472,36.844484629294755,61.21157323688969,46.9,MODERATE
2011-05-26 18:00:00,17.432,78.3407,2738.5,20.1,23.2,73.7,996.9,48.1,80,20.4,61.03074141048824,14.556962025316455,38.5623869801085,45.84086799276673,44.2,MODERATE
2011-05-26 18:30:00,17.3736,78.4475,2910.2,31.0,26.8,80.8,1001.6,57.3,205,29.7,71.06690777576854,27.44122965641953,81.10307414104882,16.00361663652803,53.3,MODERATE
2011-06-02 15:00:00,17.4631,78.631,2605.5,5.6,26.4,90.6,1006.1,48.7,0,16.5,51.98915009041591,75.22603978300181,17.63110307414105,87.56781193490055,56.9,MODERATE
2011-06-02 15:30:00,17.3382,78.4259,2627.0,25.8,21.5,90.2,1002.2,27.1,215,13.7,53.8878842676311,73.28209764918626,5.741410488245932,28.661844484629295,43.1,MODERATE
2011-06-02 16:00:00,17.3432,78.3065,1728.1,16.7,23.7,83.0,1000.5,27.9,10,21.7,9.584086799276673,35.081374321880645,45.52441229656419,55.83182640144666,31.1,MODERATE
2011-06-20 14:15:00,17.4619,78.5499,2081.8,18.8,24.7,96.4,998.5,29.0,355,25.3,24.050632911392405,95.02712477396021,68.71609403254972,48.68896925858951,52.1,MODERATE
2011-06-20 14:45:00,17.3895,78.2781,1903.5,5.1,25.1,88.2,1000.3,28.5,315,17.0,17.540687160940323,62.83905967450272,19.077757685352623,89.5117540687161,41.3,MODERATE
2011-06-20 15:15:00,17.4076,78.2437,1819.6,12.3,24.8,86.3,999.3,22.4,340,25.2,13.83363471971067,52.48643761301989,68.0379746835443,69.39421338155516,43.5,MODERATE
2011-06-20 15:45:00,17.4569,78.4218,2799.1,26.0,21.7,82.4,1001.8,45.9,240,25.8,64.01446654611212,32.05244122965642,71.06690777576854,27.848101265822788,51.8,MODERATE
2011-06-22 18:15:00,17.4326,78.3931,2741.3,3.9,23.3,87.1,998.9,35.4,275,21.6,61.30198915009042,56.19349005424955,45.11754068716094,91.86256781193491,63.2,HIGH
2011-06-22 18:45:00,17.5371,78.6538,1491.6,8.3,25.9,94.0,999.8,26.7,65,17.2,3.3453887884267632,87.16094032549728,19.936708860759495,80.10849909584087,38.8,MODERATE
2011-06-22 20:30:00,17.3909,78.2541,1902.8,24.1,21.5,87.3,1002.0,37.2,5,24.9,17.4502712477396,57.82097649186257,66.22965641952983,33.95117540687161,38.6,MODERATE
2011-06-22 21:00:00,17.4114,78.4507,2777.7,17.6,21.7,96.6,1000.5,38.5,160,14.3,63.01989150090416,95.88607594936708,8.7251356238698,53.254972875226045,56.8,MODERATE
2011-06-22 21:30:00,17.3796,78.4967,2348.4,0.4,25.1,84.8,1007.6,24.8,310,17.8,37.70343580470163,44.98191681735986,22.106690777576855,99.00542495479205,48.3,MODERATE
2011-06-22 22:00:00,17.575,78.4606,2293.1,2.0,25.6,85.4,1007.0,26.6,220,14.7,35.171790235081374,48.056057866184446,10.488245931283906,95.3887884267631,44.9,MODERATE
2011-06-25 18:45:00,17.4861,78.4511,1967.0,21.2,22.9,87.3,1002.3,28.1,285,17.7,19.529837251356238,57.82097649186257,21.47377938517179,42.85714285714286,32.2,MODERATE
2011-06-25 19:15:00,17.4962,78.5829,2634.2,22.3,25.2,85.8,1002.0,35.3,160,13.2,54.52079566003617,49.90958408679928,3.571428571428571,39.602169981916816,40.4,MODERATE
2011-06-25 19:45:00,17.3369,78.6733,1418.2,29.1,21.7,96.3,1003.3,51.8,90,13.0,0.7233273056057866,94.52983725135624,2.938517179023508,19.801084990958408,23.7,LOW
2011-07-20 18:45:00,17.5031,78.6012,1919.5,13.9,25.1,82.8,1007.5,48.4,45,15.7,17.90235081374322,34.267631103074145,14.285714285714285,65.00904159132007,29.9,LOW
2011-07-20 19:15:00,17.4608,78.461,2684.7,19.8,22.4,83.1,1004.4,20.8,115,20.2,56.87160940325497,35.80470162748644,37.29656419529837,46.51898734177215,46.7,MODERATE
2011-07-20 19:45:00,17.4766,78.4934,1592.8,24.3,26.0,92.0,1006.2,40.8,140,14.9,5.69620253164557,80.74141048824593,11.12115732368897,33.18264014466546,27.3,LOW
2011-07-22 16:45:00,17.4289,78.5842,1723.7,18.7,22.0,82.8,1003.3,37.3,255,20.9,9.49367088607595,34.267631103074145,41.41048824593128,49.0506329113924,28.7,LOW
2011-07-22 17:15:00,17.3089,78.6762,2471.9,1.2,23.7,88.9,1005.4,28.0,305,14.6,45.02712477396022,66.45569620253164,10.08137432188065,97.46835443037975,52.8,MODERATE
2011-08-14 16:00:00,17.4409,78.5846,2140.7,15.7,23.9,82.4,999.1,21.0,255,20.9,25.949367088607595,32.05244122965642,41.41048824593128,59.26763110307414,36.9,MODERATE
2011-08-14 16:30:00,17.4415,78.5498,1609.0,18.1,24.5,85.2,1007.4,39.2,135,21.7,6.419529837251356,47.061482820976494,45.52441229656419,51.35623869801085,31.4,MODERATE
2011-08-25 16:00:00,17.4775,78.4367,1419.9,28.3,24.6,88.2,998.2,27.4,295,15.4,0.81374321880651,62.83905967450272,13.110307414104883,21.880650994575046,19.9,LOW
2011-08-25 16:30:00,17.3056,78.4573,1451.6,27.3,22.9,92.6,1001.1,36.6,265,19.7,1.62748643761302,81.8264014466546,34.810126582278485,24.502712477396027,28.9,LOW
2011-08-25 17:00:00,17.2776,78.6175,2074.6,11.9,26.6,93.6,1001.3,38.3,305,19.3,23.59855334538879,85.75949367088607,32.730560578661844,70.5244122965642,47.2,MODERATE
2011-08-25 17:30:00,17.3682,78.4082,1807.0,24.9,23.5,86.5,1003.4,24.5,320,23.2,13.652802893309223,53.34538878842676,55.19891500904159,31.23869801084991,33.4,MODERATE
2011-09-13 17:30:00,17.2736,78.2724,2424.5,2.1,23.3,95.5,998.2,46.1,335,15.9,41.591320072332735,92.13381555153707,15.23508137432188,95.11754068716094,57.1,MODERATE
2011-09-13 18:00:00,17.4814,78.3896,2805.0,1.2,23.8,97.5,1003.5,33.6,240,20.0,64.376130198915,97.96564195298373,36.34719710669078,97.46835443037975,72.1,HIGH
2011-09-13 18:30:00,17.4933,78.2877,1775.0,17.4,26.3,91.0,1000.4,41.8,145,22.4,12.341772151898734,76.62748643761303,49.728752260397826,53.84267631103074,41.0,MODERATE
2011-10-02 16:45:00,17.4538,78.6012,2844.0,28.3,22.3,88.5,1001.2,22.8,160,20.9,67.54068716094032,64.28571428571429,41.41048824593128,21.880650994575046,52.5,MODERATE
2011-10-02 17:15:00,17.332,78.241,1672.2,17.5,23.8,96.3,1006.2,30.9,5,15.6,7.956600361663653,94.52983725135624,13.698010849909585,53.52622061482821,35.5,MODERATE
2011-10-02 17:45:00,17.3798,78.2446,2646.0,10.4,25.8,87.8,1006.6,27.0,115,25.6,54.92766726943942,60.89511754068716,69.8010849909584,73.68896925858951,62.8,HIGH
2011-10-06 15:15:00,17.3294,78.5686,2194.8,21.2,25.7,83.4,1003.1,49.8,10,16.5,28.3001808318264,37.613019891500905,17.63110307414105,42.85714285714286,30.9,MODERATE
2011-10-06 15:45:00,17.284,78.3841,1601.6,1.9,26.9,87.2,1006.1,28.1,80,21.5,6.148282097649186,57.09764918625678,44.66546112115732,95.750452079566,42.0,MODERATE
2011-10-06 16:15:00,17.3039,78.4472,2309.2,23.8,22.1,95.6,1005.5,33.1,40,25.1,35.89511754068716,92.45027124773961,67.2242314647378,35.03616636528029,53.3,MODERATE
2011-10-06 16:45:00,17.3311,78.4038,2789.7,21.6,21.8,94.5,1006.3,44.0,170,23.2,63.47197106690777,88.47197106690777,55.19891500904159,40.9132007233273,62.3,HIGH
2011-10-14 20:15:00,17.495,78.4807,2458.7,29.1,25.3,95.4,1006.7,46.8,195,18.0,44.032549728752265,91.86256781193491,23.191681735985533,19.801084990958408,44.6,MODERATE
2011-10-14 20:45:00,17.2904,78.6081,2459.4,2.4,22.0,97.8,1001.7,31.9,350,23.4,44.303797468354425,99.32188065099457,57.27848101265823,94.62025316455697,68.0,HIGH
2012-03-06 18:30:00,17.3466,78.5341,2867.9,11.2,21.6,85.9,1006.3,47.7,355,22.8,68.9873417721519,50.45207956600362,52.84810126582279,71.88065099457505,62.6,HIGH
2012-03-06 19:00:00,17.513,78.6528,2300.9,28.2,26.0,92.7,1003.8,31.2,315,14.2,35.35262206148282,82.23327305605787,8.1374321880651,22.24231464737794,36.7,MODERATE
2012-03-06 19:30:00,17.2828,78.6798,2010.4,26.1,25.8,91.1,1005.4,48.1,15,17.7,20.976491862567812,76.98915009041592,21.47377938517179,27.396021699819173,33.6,MODERATE
2012-03-21 16:00:00,17.339,78.3103,1730.7,5.6,25.8,87.6,998.6,51.0,95,24.4,9.945750452079565,60.08137432188065,63.11030741410488,87.56781193490055,46.1,MODERATE
2012-03-21 16:30:00,17.5744,78.3091,1994.4,22.7,25.3,84.5,1006.2,27.2,335,15.1,20.298372513562388,43.21880650994575,11.799276672694395,38.51717902350814,26.8,LOW
2012-03-21 17:00:00,17.4467,78.271,2716.2,8.0,22.2,96.2,1007.6,47.6,195,23.3,59.58408679927667,94.25858951175407,56.23869801084991,81.28390596745028,70.2,HIGH
2012-04-13 14:45:00,17.2903,78.4099,3159.9,29.0,25.3,83.8,1002.7,66.2,250,18.8,76.22061482820976,39.46654611211573,28.84267631103074,20.207956600361666,48.2,MODERATE
2012-04-13 15:15:00,17.3003,78.3405,4173.3,10.7,27.0,81.7,1001.3,57.4,5,18.2,99.54792043399638,28.887884267631105,24.593128390596743,72.73960216998192,65.1,HIGH
2012-04-15 17:45:00,17.3895,78.4824,3693.8,33.6,27.2,87.2,998.9,70.9,70,19.4,89.42133815551537,57.09764918625678,33.36347197106691,12.839059674502717,56.4,MODERATE
2012-04-15 18:15:00,17.343,78.6566,2320.5,42.4,25.8,67.7,999.4,45.3,130,23.7,36.52802893309223,5.063291139240507,59.17721518987342,3.2549728752260365,28.1,LOW
2012-04-15 18:45:00,17.5543,78.4744,3361.9,8.6,28.7,75.8,1003.8,67.9,30,28.4,82.00723327305606,18.128390596745028,78.25497287522603,79.43037974683544,68.0,HIGH
2012-04-15 19:15:00,17.4778,78.3125,3250.3,33.4,23.9,80.3,997.3,73.5,30,27.7,78.75226039783001,26.446654611211574,76.62748643761303,13.019891500904157,54.7,MODERATE
2012-04-22 18:45:00,17.4599,78.5203,3666.2,10.3,28.7,89.5,996.6,44.5,180,37.4,89.1500904159132,70.29837251356238,98.91500904159132,74.14104882459314,84.3,VERY HIGH
2012-04-22 19:15:00,17.5312,78.456,2694.5,39.8,26.6,78.9,998.2,58.7,135,21.3,57.50452079566004,23.236889692585898,43.53526220614828,5.7414104882459345,37.5,MODERATE
2012-04-22 19:45:00,17.3475,78.5319,2850.4,35.9,24.0,91.2,999.1,44.4,65,19.5,67.8119349005425,77.35081374321881,33.90596745027125,9.990958408679928,51.4,MODERATE
2012-04-22 20:15:00,17.3699,78.4359,3538.8,10.8,26.6,80.9,1003.5,45.1,135,25.2,85.98553345388788,27.622061482820975,68.0379746835443,72.55877034358048,68.0,HIGH
2012-05-10 14:30:00,17.3151,78.3374,3938.5,23.9,27.3,69.8,997.8,44.2,50,22.1,94.03254972875226,8.1374321880651,47.830018083182644,34.76491862567812,55.8,MODERATE
2012-05-10 15:00:00,17.3394,78.4092,3389.0,24.9,30.9,68.7,1001.3,51.2,190,26.6,82.54972875226039,6.1030741410488245,73.86980108499095,31.23869801084991,55.3,MODERATE
2012-05-10 15:30:00,17.4912,78.2361,2882.2,37.7,27.8,74.1,1003.1,65.9,175,23.3,69.89150090415913,15.415913200723327,56.23869801084991,8.227848101265822,43.9,MODERATE
2012-05-13 15:45:00,17.2896,78.2332,2305.4,8.5,23.3,78.0,1000.2,45.9,145,26.0,35.62386980108499,21.112115732368895,72.33273056057867,79.6112115732369,48.9,MODERATE
2012-05-13 16:15:00,17.3967,78.4233,3675.2,14.6,23.9,74.6,997.6,46.9,120,22.7,89.33092224231464,16.229656419529835,51.94394213381555,62.92947558770343,62.0,HIGH
2012-05-13 16:45:00,17.3534,78.6489,2290.2,9.4,26.1,68.4,1003.6,66.9,345,23.2,34.9005424954792,5.69620253164557,55.19891500904159,76.94394213381554,41.5,MODERATE
2012-05-13 17:15:00,17.5706,78.6369,3401.6,41.1,30.9,85.1,995.6,51.1,265,34.8,82.82097649186257,46.65461121157324,92.94755877034359,4.566003616636527,62.0,HIGH
2012-05-17 14:00:00,17.48,78.4295,2692.8,37.8,29.4,83.8,997.4,58.6,215,25.2,57.23327305605787,39.46654611211573,68.0379746835443,8.137432188065096,46.0,MODERATE
2012-05-17 14:30:00,17.5167,78.6728,3780.0,32.6,27.2,67.3,1003.6,65.3,345,30.8,91.04882459312839,4.2947558770343575,83.31826401446655,13.833634719710675,56.7,MODERATE
2012-05-25 16:00:00,17.4725,78.4478,3888.3,37.2,27.7,88.4,996.9,39.5,5,23.4,93.0379746835443,63.60759493670886,57.27848101265823,8.589511754068713,63.1,HIGH
2012-05-25 16:30:00,17.3059,78.3355,2303.4,30.6,24.8,69.9,995.8,39.1,55,29.7,35.53345388788427,8.363471971066907,81.10307414104882,16.455696202531644,35.4,MODERATE
2012-05-25 17:00:00,17.3137,78.6841,4130.2,5.2,30.6,82.3,1002.8,53.2,245,28.3,98.10126582278481,31.193490054249544,77.84810126582279,88.96925858951175,78.8,HIGH
2012-05-25 17:30:00,17.3735,78.4744,2451.5,10.3,24.1,90.4,1001.6,41.5,35,21.8,43.399638336347195,74.23146473779386,46.1121157323689,74.14104882459314,56.3,MODERATE
2012-05-25 18:30:00,17.3547,78.3454,2210.2,32.8,23.4,79.4,1003.7,39.4,195,35.9,28.661844484629295,24.141048824593128,95.29837251356238,13.74321880650995,38.1,MODERATE
2012-05-25 19:00:00,17.5399,78.467,4013.0,27.9,28.3,79.7,1002.8,64.4,195,28.4,96.02169981916818,24.819168173598552,78.25497287522603,22.965641952983727,63.6,HIGH
2012-05-25 19:30:00,17.3435,78.3014,2520.8,18.4,24.9,90.1,996.0,63.0,20,21.8,48.01084990958409,72.92043399638337,46.1121157323689,50.45207956600362,53.1,MODERATE
2012-05-25 20:00:00,17.5393,78.6312,2258.5,38.0,24.0,74.0,1001.7,41.4,55,34.4,32.82097649186257,15.18987341772152,91.95298372513562,7.820976491862563,36.1,MODERATE
2012-05-28 18:00:00,17.3973,78.5235,2995.2,16.0,30.9,76.1,1003.0,44.2,315,22.3,73.05605786618446,18.942133815551536,49.09584086799277,58.45388788426763,54.5,MODERATE
2012-05-28 18:30:00,17.5354,78.5587,3325.5,23.9,27.3,69.3,996.8,38.6,130,21.1,81.0126582278481,6.826401446654612,42.405063291139236,34.76491862567812,49.2,MODERATE
2012-05-28 19:00:00,17.5282,78.58,3452.4,10.2,23.3,89.9,1000.5,66.9,350,27.6,83.63471971066907,72.15189873417721,76.35623869801084,74.59312839059675,78.1,HIGH
2012-05-28 19:30:00,17.3066,78.5452,3060.6,13.0,26.9,66.7,1000.2,45.8,50,34.0,74.77396021699819,3.209764918625678,91.36528028933093,67.40506329113924,62.3,HIGH
2012-06-03 14:45:00,17.3378,78.3926,1504.1,15.6,21.9,94.8,1000.3,37.3,245,24.3,3.616636528028933,89.5117540687161,62.56781193490054,59.6745027124774,43.8,MODERATE
2012-06-03 15:15:00,17.4775,78.3353,2085.3,5.7,21.8,88.1,1001.6,51.9,35,18.2,24.141048824593128,62.25135623869801,24.593128390596743,87.20614828209764,44.5,MODERATE
2012-06-07 15:45:00,17.458,78.6816,2347.7,7.8,25.0,90.6,1005.8,23.4,310,22.7,37.613019891500905,75.22603978300181,51.94394213381555,82.23327305605787,56.9,MODERATE
2012-06-07 16:15:00,17.3888,78.3116,2530.5,23.7,22.5,94.3,1007.5,25.3,80,22.8,48.282097649186255,88.01989150090415,52.84810126582279,35.30741410488246,54.5,MODERATE
2012-06-10 19:00:00,17.4592,78.2499,2707.3,29.2,26.8,94.0,999.3,44.3,50,12.3,58.81555153707052,87.16094032549728,1.2658227848101267,19.34900542495479,45.1,MODERATE
2012-06-10 19:30:00,17.521,78.4004,2628.2,7.6,21.5,84.5,1002.7,50.2,190,13.4,53.97830018083183,43.21880650994575,4.520795660036167,82.82097649186258,47.7,MODERATE
2012-06-10 20:00:00,17.4303,78.61,1847.6,25.2,25.8,85.7,999.3,47.8,275,25.5,15.641952983725135,49.502712477396024,69.52983725135624,30.334538878842675,36.1,MODERATE
2012-06-22 14:45:00,17.463,78.6679,2302.4,24.6,26.4,85.6,1000.1,39.6,205,17.8,35.44303797468354,48.96021699819168,22.106690777576855,32.27848101265823,34.8,MODERATE
2012-06-22 15:15:00,17.5452,78.3919,1755.3,23.4,23.0,95.2,1002.2,41.4,175,13.3,11.39240506329114,91.00361663652802,3.9783001808318263,36.4376130198915,30.8,MODERATE
2012-06-22 20:30:00,17.5269,78.3092,2841.2,12.5,26.2,92.1,1005.4,44.6,245,19.1,66.99819168173599,80.96745027124774,31.55515370705244,68.89692585895118,63.1,HIGH
2012-06-22 21:00:00,17.535,78.4959,2057.9,21.8,24.2,96.0,1007.0,33.5,285,15.9,22.875226039783,93.80650994575045,15.23508137432188,40.280289330922244,39.0,MODERATE
2012-08-01 14:00:00,17.2934,78.6093,1936.7,9.7,26.9,85.2,1004.9,46.3,215,12.6,18.625678119349008,47.061482820976494,1.7179023508137432,75.9493670886076,32.4,MODERATE
2012-08-01 14:30:00,17.3002,78.5225,2459.7,0.9,26.6,82.8,1003.4,42.7,245,24.2,44.394213381555154,34.267631103074145,61.88969258589512,98.14647377938516,56.6,MODERATE
2012-08-27 15:30:00,17.4683,78.3971,2241.0,14.4,26.4,90.5,1002.4,32.9,15,20.0,31.82640144665461,74.59312839059675,36.34719710669078,63.607594936708864,47.6,MODERATE
2012-08-27 16:00:00,17.5115,78.3759,2338.8,26.6,24.9,85.7,998.2,47.8,60,12.3,37.34177215189873,49.502712477396024,1.2658227848101267,26.175406871609407,30.3,MODERATE
2012-09-06 16:15:00,17.5028,78.597,2053.4,24.5,22.2,90.7,998.1,30.4,350,17.1,22.60397830018083,75.85895117540687,19.575045207956602,32.50452079566004,34.6,MODERATE
2012-09-06 16:45:00,17.4415,78.4044,2222.7,17.9,24.5,89.1,998.1,38.8,325,14.4,29.56600361663653,67.58589511754069,9.22242314647378,52.124773960217,37.6,MODERATE
2012-09-06 17:15:00,17.4108,78.4041,2695.0,15.6,24.1,82.4,1001.4,32.2,180,17.6,57.68535262206148,32.05244122965642,21.066907775768534,59.6745027124774,45.6,MODERATE
2012-09-08 14:15:00,17.4672,78.5487,1477.4,20.1,21.7,91.4,1008.0,37.8,30,18.6,2.802893309222423,78.0741410488246,26.80831826401447,45.84086799276673,31.3,MODERATE
2012-09-08 14:45:00,17.2785,78.5507,1846.0,27.7,26.8,97.1,1002.7,47.6,85,23.8,15.370705244122965,97.01627486437613,59.719710669077756,23.417721518987346,42.2,MODERATE
2012-09-25 19:15:00,17.3008,78.2934,1795.5,8.0,25.5,86.0,1004.3,35.8,80,20.0,13.291139240506327,51.03978300180832,36.34719710669078,81.28390596745028,39.1,MODERATE
2012-09-25 19:45:00,17.397,78.4056,2178.4,1.4,22.4,93.8,998.8,39.3,100,15.4,27.48643761301989,86.70886075949366,13.110307414104883,96.9258589511754,50.3,MODERATE
2012-09-25 20:15:00,17.5258,78.4306,2773.3,21.6,24.9,97.2,1002.0,50.5,275,13.9,62.92947558770343,97.2875226039783,6.826401446654612,40.9132007233273,54.2,MODERATE
2012-09-25 20:45:00,17.3342,78.2432,1793.4,17.9,21.8,89.9,1004.0,30.7,195,22.8,13.110307414104883,72.15189873417721,52.84810126582279,52.124773960217,40.7,MODERATE
2012-10-28 19:45:00,17.4566,78.4523,2391.2,16.6,24.8,94.5,1002.8,21.3,65,14.3,39.511754068716094,88.47197106690777,8.7251356238698,56.148282097649194,46.5,MODERATE
2012-10-28 20:15:00,17.2931,78.2567,1770.7,4.8,26.3,85.5,1007.8,30.8,260,14.5,12.115732368896925,48.41772151898734,9.629294755877034,90.23508137432188,34.5,MODERATE
2012-10-28 20:45:00,17.4709,78.4587,2233.0,21.6,22.8,97.9,1007.7,40.8,170,14.8,30.65099457504521,99.68354430379746,10.804701627486438,40.9132007233273,42.5,MODERATE
2013-04-04 18:00:00,17.4659,78.3192,3993.9,25.8,26.6,80.1,996.5,59.5,130,25.3,95.750452079566,25.994575045207956,68.71609403254972,28.661844484629295,63.0,HIGH
2013-04-04 18:30:00,17.3533,78.6827,2481.4,13.1,24.5,89.1,1000.9,41.1,345,26.8,45.931283905967454,67.58589511754069,74.27667269439421,67.2242314647378,60.2,HIGH
2013-04-04 19:00:00,17.5661,78.6242,2435.3,34.6,25.6,91.7,999.4,39.9,165,32.5,42.58589511754069,79.56600361663652,87.16094032549728,11.4376130198915,52.7,MODERATE
2013-04-04 19:30:00,17.3191,78.6358,3055.0,11.5,23.1,80.1,999.7,63.8,20,35.8,74.68354430379746,25.994575045207956,95.02712477396021,71.38336347197108,68.4,HIGH
2013-04-12 21:45:00,17.4879,78.5093,2818.7,38.0,30.6,87.2,995.0,60.5,230,19.0,65.37070524412296,57.09764918625678,30.74141048824593,7.820976491862563,45.3,MODERATE
2013-04-12 22:15:00,17.2863,78.5075,3573.2,9.6,26.1,77.3,998.3,39.8,70,26.4,86.70886075949366,20.34358047016275,73.4629294755877,76.13019891500905,68.7,HIGH
2013-04-14 17:15:00,17.3005,78.5245,2632.1,29.8,28.2,69.1,995.6,66.2,5,27.2,54.43037974683544,6.50994575045208,75.27124773960216,18.0379746835443,41.7,MODERATE
2013-04-14 17:45:00,17.4173,78.5769,3439.0,16.9,26.4,69.6,995.7,66.3,30,23.3,83.45388788426763,7.640144665461121,56.23869801084991,55.01808318264014,57.2,MODERATE
2013-04-18 21:45:00,17.5647,78.4873,4073.6,7.1,26.4,72.0,1001.6,74.3,10,23.1,96.9258589511754,11.66365280289331,54.56600361663653,83.63471971066907,68.7,HIGH
2013-04-18 22:15:00,17.4913,78.317,2876.5,17.3,30.6,91.1,996.6,35.9,350,32.4,69.52983725135624,76.98915009041592,86.88969258589512,54.11392405063291,71.4,HIGH
2013-04-18 22:45:00,17.4786,78.4804,4161.0,14.1,26.2,79.6,1002.1,57.0,345,30.3,99.00542495479205,24.593128390596743,81.8264014466546,64.46654611211574,73.8,HIGH
2013-04-18 23:15:00,17.5289,78.4266,2481.9,31.6,24.7,67.6,1002.8,53.4,195,33.0,46.02169981916817,4.9276672694394215,88.87884267631104,15.23508137432188,40.2,MODERATE
2013-04-20 18:45:00,17.4103,78.6864,4141.5,42.7,29.3,74.6,998.7,57.0,35,34.6,98.55334538878843,16.229656419529835,92.45027124773961,2.7124773960216952,61.7,HIGH
2013-04-20 19:15:00,17.3496,78.2385,2364.3,43.7,25.4,85.8,1000.6,50.3,240,22.1,38.24593128390597,49.90958408679928,47.830018083182644,1.0397830018083143,35.1,MODERATE
2013-04-20 19:45:00,17.3467,78.3491,2338.5,43.4,26.8,89.2,997.9,40.0,5,27.5,37.251356238698015,68.3996383363472,76.03978300180832,1.717902350813738,44.1,MODERATE
2013-04-22 19:30:00,17.5022,78.2921,3270.6,13.6,23.1,71.5,1003.8,67.1,175,37.2,79.38517179023508,10.759493670886076,98.55334538878843,65.59674502712478,66.7,HIGH
2013-04-22 20:00:00,17.3824,78.3515,3492.2,25.0,25.1,69.0,996.1,69.6,255,22.9,84.81012658227847,6.374321880650995,53.6618444846293,30.78661844484629,52.1,MODERATE
2013-04-23 21:30:00,17.382,78.2415,2985.9,26.0,27.1,69.5,1000.8,36.8,230,33.2,72.875226039783,7.323688969258589,89.28571428571429,27.848101265822788,54.0,MODERATE
2013-04-23 22:00:00,17.3156,78.2405,3491.6,30.5,25.7,66.9,998.7,47.4,340,31.5,84.71971066907776,3.571428571428571,84.9005424954792,16.726943942133822,54.9,MODERATE
2013-04-23 22:30:00,17.4316,78.6173,3360.4,27.4,23.8,69.5,1003.7,44.1,330,37.5,81.91681735985533,7.323688969258589,99.14104882459313,24.005424954792044,58.9,MODERATE
2013-05-06 17:30:00,17.5692,78.5952,3194.5,18.6,30.0,79.7,1001.8,65.2,65,18.4,77.39602169981917,24.819168173598552,25.723327305605785,49.4122965641953,50.9,MODERATE
2013-05-06 18:00:00,17.3415,78.437,4170.0,35.9,23.2,66.8,999.2,71.4,25,28.8,99.36708860759494,3.390596745027125,79.06871609403255,9.990958408679928,58.2,MODERATE
2013-05-06 18:30:00,17.3826,78.4373,2994.8,8.7,26.5,70.3,996.7,38.8,200,25.1,72.96564195298373,8.905967450271248,67.2242314647378,79.15913200723328,60.2,HIGH
2013-05-07 16:30:00,17.3775,78.5905,3308.5,5.2,29.1,66.0,1001.7,43.1,95,37.2,80.1989150090416,2.1699819168173597,98.55334538878843,88.96925858951175,70.0,HIGH
2013-05-07 17:00:00,17.3687,78.2975,2811.2,40.1,31.0,74.9,999.0,63.9,125,35.7,64.64737793851718,16.77215189873418,94.8010849909584,5.153707052441225,49.2,MODERATE
2013-05-07 17:30:00,17.3886,78.4192,3591.2,5.1,28.0,74.6,1002.1,38.7,15,29.8,87.16094032549728,16.229656419529835,81.46473779385171,89.5117540687161,72.3,HIGH
2013-05-22 18:00:00,17.4284,78.5133,2513.3,6.7,23.9,81.2,995.9,50.0,105,29.0,47.739602169981914,28.07414104882459,79.65641952983725,84.67450271247739,57.6,MODERATE
2013-05-22 18:30:00,17.3523,78.6572,3552.0,24.8,23.1,91.8,1001.0,47.7,55,35.6,86.16636528028933,80.01808318264014,94.57504520795659,31.600361663652798,75.7,HIGH
2013-05-22 19:00:00,17.551,78.3452,3710.1,23.4,29.7,84.7,1002.0,61.2,105,21.5,89.87341772151899,44.34900542495479,44.66546112115732,36.4376130198915,61.0,HIGH
2013-05-22 19:30:00,17.5713,78.6614,2286.3,11.6,24.1,84.6,1002.4,43.5,215,28.1,34.719710669077756,43.85171790235081,77.48643761301989,71.11211573236889,52.4,MODERATE
2013-06-02 18:15:00,17.338,78.3865,1971.4,10.4,22.8,90.2,1006.3,29.0,270,25.2,19.710669077757686,73.28209764918626,68.0379746835443,73.68896925858951,50.9,MODERATE
2013-06-02 18:45:00,17.3178,78.5917,2261.9,17.0,23.7,90.0,1002.0,37.3,145,20.8,33.09222423146474,72.69439421338156,40.822784810126585,54.74683544303798,46.9,MODERATE
2013-06-06 15:00:00,17.5428,78.6697,2580.4,9.5,25.3,89.0,1000.5,46.9,295,12.5,50.90415913200723,67.08860759493672,1.4918625678119348,76.5370705244123,49.4,MODERATE
2013-06-06 15:30:00,17.5086,78.6096,2143.2,11.6,24.0,85.6,1006.9,34.4,340,24.4,26.13019891500904,48.96021699819168,63.11030741410488,71.11211573236889,47.1,MODERATE
2013-06-06 16:00:00,17.4951,78.4652,2420.3,1.3,22.0,93.5,998.7,22.3,20,12.2,41.22965641952984,85.35262206148282,0.8589511754068716,97.15189873417721,53.2,MODERATE
2013-06-08 16:45:00,17.3724,78.5992,2258.1,15.4,23.1,96.9,1002.0,22.8,100,20.6,32.64014466546112,96.56419529837251,39.69258589511754,60.35262206148282,52.4,MODERATE
2013-06-08 17:15:00,17.3743,78.463,2711.3,14.8,25.4,97.9,999.3,28.8,90,17.5,59.04159132007233,99.68354430379746,20.70524412296564,62.34177215189873,60.2,HIGH
2013-06-08 18:30:00,17.2933,78.6491,2096.6,4.1,23.4,84.6,999.7,50.3,140,18.2,24.50271247739602,43.85171790235081,24.593128390596743,91.41048824593129,41.8,MODERATE
2013-06-08 19:00:00,17.465,78.541,1597.5,7.0,25.8,97.5,1000.6,28.7,0,18.6,6.0578661844484625,97.96564195298373,26.80831826401447,83.99638336347198,44.2,MODERATE
2013-06-08 19:30:00,17.3508,78.4166,2737.2,0.1,21.7,91.7,1007.1,27.6,280,18.6,60.80470162748644,79.56600361663652,26.80831826401447,99.72875226039784,65.5,HIGH
2013-06-08 20:00:00,17.3701,78.4513,1694.1,18.3,23.0,85.3,1003.2,20.2,305,12.1,8.589511754068715,47.64918625678119,0.31645569620253167,50.72332730560578,23.2,LOW
2013-06-27 16:30:00,17.3022,78.4351,2090.5,25.9,24.5,88.1,1007.8,23.5,120,17.9,24.412296564195298,62.25135623869801,22.649186256781192,28.300180831826406,32.4,MODERATE
2013-06-27 17:00:00,17.3978,78.2413,2849.4,3.8,25.4,97.6,1006.3,42.4,220,23.8,67.72151898734177,98.4629294755877,59.719710669077756,91.99819168173599,77.1,HIGH
2013-06-27 17:30:00,17.5645,78.5642,1857.1,24.9,23.0,96.0,999.1,42.5,195,19.6,16.2748643761302,93.80650994575045,34.35804701627486,31.23869801084991,38.4,MODERATE
2013-06-27 18:00:00,17.3491,78.2501,2250.8,8.5,26.0,83.2,1000.3,43.4,335,20.4,32.45931283905967,36.4376130198915,38.5623869801085,79.6112115732369,43.9,MODERATE
2013-07-14 16:45:00,17.4466,78.4879,2241.0,18.1,25.2,94.9,1000.7,46.4,105,19.0,31.82640144665461,90.14466546112115,30.74141048824593,51.35623869801085,47.2,MODERATE
2013-07-14 17:15:00,17.4822,78.573,2873.0,6.3,26.0,90.3,1001.7,23.9,85,22.3,69.25858951175407,73.82459312839059,49.09584086799277,85.71428571428572,69.4,HIGH
2013-07-16 21:45:00,17.4249,78.6888,2621.0,18.5,23.2,92.0,1003.3,33.6,310,13.8,53.16455696202531,80.74141048824593,6.283905967450271,49.90958408679928,48.7,MODERATE
2013-07-16 22:15:00,17.4065,78.3186,1951.6,12.4,26.1,93.7,1005.7,20.4,100,17.8,19.168173598553345,86.21157323688969,22.106690777576855,69.16817359855334,43.2,MODERATE
2013-08-09 20:15:00,17.467,78.5271,2732.1,18.0,24.3,84.2,999.2,24.9,345,14.4,60.30741410488246,41.8625678119349,9.22242314647378,51.85352622061483,44.7,MODERATE
2013-08-09 20:45:00,17.3051,78.6453,1499.7,16.0,22.3,82.2,1002.2,29.4,220,18.8,3.52622061482821,30.37974683544304,28.84267631103074,58.45388788426763,24.9,LOW
2013-08-09 21:15:00,17.391,78.6488,2612.0,6.5,24.1,95.1,998.7,32.4,175,23.9,52.62206148282098,90.55153707052442,60.2622061482821,85.17179023508137,68.2,HIGH
2013-08-09 21:45:00,17.4753,78.3559,1859.5,23.7,24.0,94.8,1006.2,47.4,310,24.8,16.365280289330922,89.5117540687161,65.77757685352623,35.30741410488246,44.7,MODERATE
2013-08-11 18:45:00,17.28,78.2431,1982.0,4.8,21.6,94.1,1002.6,29.3,180,24.6,19.801084990958408,87.38698010849909,64.376130198915,90.23508137432188,56.3,MODERATE
2013-08-11 19:15:00,17.5624,78.3737,2732.6,18.1,26.0,97.7,1000.9,50.8,105,17.5,60.4882459312839,98.86980108499095,20.70524412296564,51.35623869801085,58.4,MODERATE
2013-08-11 19:45:00,17.4348,78.2999,2230.6,16.3,25.7,95.3,1002.4,29.7,250,15.6,30.47016274864376,91.45569620253164,13.698010849909585,57.09764918625678,44.6,MODERATE
2013-08-13 19:30:00,17.4498,78.4634,1846.3,17.0,25.3,96.0,1004.4,44.4,285,14.2,15.46112115732369,93.80650994575045,8.1374321880651,54.74683544303798,37.5,MODERATE
2013-08-13 20:00:00,17.2709,78.3426,2489.7,29.8,22.0,88.4,1006.0,26.5,225,19.8,46.42857142857143,63.60759493670886,35.397830018083184,18.0379746835443,42.0,MODERATE
2013-08-20 14:30:00,17.5041,78.5674,1849.2,5.2,25.0,89.9,999.8,41.9,40,25.9,15.732368896925857,72.15189873417721,71.79023508137432,88.96925858951175,52.9,MODERATE
2013-08-20 15:00:00,17.5607,78.3225,2248.3,29.4,22.4,93.2,1003.9,38.8,250,21.8,32.368896925858955,83.99638336347198,46.1121157323689,18.80650994575045,42.7,MODERATE
2013-08-20 15:30:00,17.5577,78.3485,2044.5,26.2,26.1,85.0,1006.0,34.7,345,18.8,22.06148282097649,46.1121157323689,28.84267631103074,27.034358047016273,29.2,LOW
2013-08-20 16:00:00,17.4624,78.2518,2755.9,27.3,25.8,82.1,998.6,27.2,280,13.8,62.20614828209765,29.88245931283906,6.283905967450271,24.502712477396027,37.0,MODERATE
2013-08-26 14:00:00,17.4766,78.3373,2646.0,16.3,22.4,91.3,1008.0,24.8,250,23.4,54.92766726943942,77.75768535262206,57.27848101265823,57.09764918625678,60.4,HIGH
2013-08-26 14:30:00,17.509,78.5678,1850.7,9.8,25.9,89.4,1005.3,24.7,175,23.9,15.913200723327305,69.62025316455697,60.2622061482821,75.72332730560578,47.5,MODERATE
2013-08-26 15:00:00,17.5473,78.2899,2289.5,18.0,23.4,89.3,998.4,43.9,20,19.7,34.810126582278485,69.07775768535262,34.810126582278485,51.85352622061483,45.1,MODERATE
2013-08-28 21:15:00,17.3698,78.3859,2883.5,18.8,24.4,95.4,1000.9,33.7,245,15.7,70.07233273056059,91.86256781193491,14.285714285714285,48.68896925858951,59.0,MODERATE
2013-08-28 21:45:00,17.4446,78.5328,1778.5,6.6,24.2,93.8,1003.3,21.0,320,24.2,12.658227848101266,86.70886075949366,61.88969258589512,84.9005424954792,51.8,MODERATE
2013-09-11 14:30:00,17.4953,78.6009,2665.6,7.6,21.7,93.8,999.1,30.1,230,12.1,55.78661844484629,86.70886075949366,0.31645569620253167,82.82097649186258,56.3,MODERATE
2013-09-11 15:00:00,17.3219,78.6237,1740.8,25.1,23.0,92.3,1004.9,36.4,310,16.3,10.488245931283906,81.374321880651,16.862567811934902,30.560578661844485,30.0,LOW
2013-09-11 15:30:00,17.2891,78.581,2012.5,22.8,26.5,85.7,1006.1,21.9,25,24.6,21.247739602169982,49.502712477396024,64.376130198915,38.01989150090416,38.9,MODERATE
2013-09-20 21:00:00,17.2892,78.2551,1823.3,7.9,22.9,96.5,1000.5,28.7,345,22.6,14.195298372513562,95.5244122965642,51.13019891500904,81.78119349005425,51.4,MODERATE
2013-09-20 21:30:00,17.2881,78.4538,1450.4,1.9,26.5,84.2,1003.3,33.2,70,16.9,1.5370705244122964,41.8625678119349,18.761301989150088,95.750452079566,31.9,MODERATE
2013-10-03 18:45:00,17.3593,78.6526,1566.1,22.8,26.9,96.4,1004.5,30.0,10,15.6,4.972875226039783,95.02712477396021,13.698010849909585,38.01989150090416,31.3,MODERATE
2013-10-03 19:15:00,17.539,78.4713,1766.5,3.4,22.0,93.5,1002.2,49.0,285,22.4,11.934900542495479,85.35262206148282,49.728752260397826,92.72151898734178,50.3,MODERATE
2013-10-24 15:15:00,17.5162,78.5934,1857.0,2.4,23.7,84.8,1004.9,31.1,45,25.7,16.184448462929478,44.98191681735986,70.29837251356238,94.62025316455697,48.5,MODERATE
2013-10-24 15:45:00,17.5213,78.29,2693.0,27.7,24.2,91.7,1005.6,25.6,200,19.0,57.32368896925859,79.56600361663652,30.74141048824593,23.417721518987346,49.7,MODERATE
2013-10-24 16:15:00,17.5222,78.5363,1582.6,14.3,24.3,85.7,998.8,44.9,60,13.7,5.15370705244123,49.502712477396024,5.741410488245932,63.833634719710666,25.9,LOW
2014-03-08 20:00:00,17.2919,78.4169,2010.7,2.0,23.4,83.8,1006.1,50.3,300,13.0,21.066907775768534,39.46654611211573,2.938517179023508,95.3887884267631,36.0,MODERATE
2014-03-08 20:30:00,17.2991,78.6298,2422.6,3.4,26.1,85.9,1002.8,24.6,275,21.9,41.41048824593128,50.45207956600362,46.65461121157324,92.72151898734178,54.5,MODERATE
2014-03-08 21:00:00,17.3589,78.336,1821.5,24.1,26.6,88.5,1007.1,30.3,320,18.7,14.10488245931284,64.28571428571429,27.66726943942134,33.95117540687161,30.8,MODERATE
2014-04-22 19:15:00,17.3504,78.6144,2229.4,20.2,25.7,65.5,996.1,51.5,80,27.9,30.37974683544304,0.949367088607595,77.03435804701627,45.43399638336347,36.8,MODERATE
2014-04-22 19:45:00,17.5471,78.3519,3649.7,40.1,23.3,75.7,1001.9,53.2,285,23.3,88.42676311030742,17.90235081374322,56.23869801084991,5.153707052441225,51.2,MODERATE
2014-05-06 16:15:00,17.3771,78.6668,4124.6,29.8,30.4,85.5,999.9,42.2,10,27.2,97.92043399638337,48.41772151898734,75.27124773960216,18.0379746835443,67.5,HIGH
2014-05-06 16:45:00,17.3191,78.4344,2618.4,7.0,29.7,91.5,1002.1,69.2,345,22.8,52.89330922242315,78.39059674502712,52.84810126582279,83.99638336347198,64.2,HIGH
2014-05-06 17:15:00,17.3015,78.5226,3196.5,21.3,30.6,79.1,997.0,53.4,270,36.4,77.48643761301989,23.643761301989148,96.24773960216999,42.40506329113924,63.5,HIGH
2014-05-06 17:45:00,17.3339,78.2348,2228.4,38.2,28.9,74.6,1001.3,50.8,165,37.1,30.289330922242314,16.229656419529835,98.28209764918626,7.594936708860756,36.5,MODERATE
2014-05-12 20:15:00,17.4752,78.5965,2700.9,30.0,27.6,87.5,1003.2,35.5,55,31.5,58.22784810126582,59.26763110307414,84.9005424954792,17.4502712477396,55.6,MODERATE
2014-05-12 20:45:00,17.3566,78.3704,2905.9,29.9,25.7,84.8,998.6,37.7,305,33.7,70.97649186256781,44.98191681735986,90.50632911392405,17.631103074141052,59.0,MODERATE
2014-05-12 21:15:00,17.2938,78.3827,3555.1,7.9,24.6,75.3,1003.8,66.4,65,32.7,86.25678119349006,17.4502712477396,87.88426763110307,81.78119349005425,71.9,HIGH
2014-05-13 19:30:00,17.4867,78.6614,3406.6,23.9,23.5,83.1,1000.2,74.6,275,22.8,82.91139240506328,35.80470162748644,52.84810126582279,34.76491862567812,57.8,MODERATE
2014-05-13 20:00:00,17.5733,78.4801,4125.5,8.0,25.9,71.1,996.8,40.6,45,30.4,98.01084990958408,10.171790235081374,82.3236889692586,81.28390596745028,74.0,HIGH
2014-05-13 20:30:00,17.3651,78.3563,4163.3,26.1,30.3,69.4,1000.8,67.4,265,36.9,99.09584086799276,7.05244122965642,97.73960216998192,27.396021699819173,66.1,HIGH
2014-05-13 21:00:00,17.4128,78.6396,3615.4,7.5,24.2,65.2,1000.7,52.9,245,20.7,87.79385171790236,0.31645569620253167,40.370705244122966,83.18264014466547,59.9,MODERATE
2014-05-15 20:45:00,17.4259,78.4311,4192.5,14.2,27.4,83.1,1001.3,43.2,110,31.1,99.81916817359856,35.80470162748644,83.86075949367088,64.05967450271248,76.7,HIGH
2014-05-15 21:15:00,17.2834,78.6495,2259.0,19.2,23.1,67.1,1003.2,49.2,305,26.5,32.91139240506329,3.9330922242314643,73.68896925858951,47.83001808318264,38.3,MODERATE
2014-05-16 17:15:00,17.3539,78.326,4114.9,5.4,31.0,83.3,1002.5,46.8,320,18.3,97.73960216998192,37.070524412296564,25.135623869801083,88.15551537070525,69.2,HIGH
2014-05-16 17:45:00,17.3733,78.5209,2338.1,5.2,30.5,87.2,1002.3,70.4,310,32.0,37.070524412296564,57.09764918625678,86.07594936708861,88.96925858951175,61.3,HIGH
2014-05-23 21:00:00,17.4149,78.5603,2694.7,30.6,28.3,69.4,1000.1,65.9,40,28.0,57.59493670886076,7.05244122965642,77.26039783001808,16.455696202531644,43.2,MODERATE
2014-05-23 21:30:00,17.5253,78.5908,2954.0,27.1,29.4,66.2,1002.3,42.1,235,28.3,72.42314647377938,2.576853526220615,77.84810126582279,25.18083182640145,50.1,MODERATE
2014-05-23 22:00:00,17.2974,78.4266,2258.3,24.2,28.3,68.2,997.6,50.9,0,36.4,32.730560578661844,5.605786618444846,96.24773960216999,33.54430379746836,40.2,MODERATE
2014-05-26 14:30:00,17.3826,78.3825,3969.9,20.3,26.9,72.6,1002.1,50.9,35,28.3,94.84629294755878,12.613019891500905,77.84810126582279,45.07233273056058,65.0,HIGH
2014-05-26 15:00:00,17.2891,78.4001,4041.5,28.4,27.3,72.3,998.3,70.8,275,31.3,96.20253164556962,12.341772151898734,84.49367088607595,21.42857142857143,62.1,HIGH
2014-05-26 15:30:00,17.5105,78.4186,3947.4,30.5,29.7,78.5,999.8,40.8,85,33.7,94.39421338155516,22.423146473779383,90.50632911392405,16.726943942133822,63.7,HIGH
2014-05-28 19:00:00,17.2893,78.663,3213.8,21.4,29.5,87.6,998.0,62.7,15,33.4,78.02893309222424,60.08137432188065,89.78300180831826,41.90777576853526,69.6,HIGH
2014-05-28 19:30:00,17.3147,78.633,3278.2,16.3,26.4,66.0,996.2,65.6,295,18.0,79.56600361663652,2.1699819168173597,23.191681735985533,57.09764918625678,48.3,MODERATE
2014-05-28 20:00:00,17.4289,78.254,4146.2,14.0,25.4,73.2,997.1,35.1,185,32.6,98.64376130198916,13.652802893309223,87.43218806509945,64.82820976491863,72.6,HIGH
2014-05-28 20:30:00,17.4934,78.5245,3031.9,35.4,27.9,89.2,1002.4,45.1,280,23.4,74.14104882459313,68.3996383363472,57.27848101265823,10.397830018083187,56.9,MODERATE
2014-06-02 20:15:00,17.4524,78.3216,2285.3,12.2,24.1,82.5,1000.1,29.0,185,22.0,34.629294755877034,32.594936708860764,47.151898734177216,69.66546112115732,43.7,MODERATE
2014-06-02 20:45:00,17.4698,78.3489,1639.2,4.8,21.9,85.0,1004.6,48.2,170,23.4,6.871609403254973,46.1121157323689,57.27848101265823,90.23508137432188,41.5,MODERATE
2014-06-02 21:15:00,17.5162,78.2325,2786.8,13.3,24.5,86.1,1005.4,22.5,270,24.2,63.29113924050633,51.40144665461121,61.88969258589512,66.59132007233272,61.3,HIGH
2014-06-02 21:45:00,17.3345,78.6023,2579.5,19.0,23.6,86.3,1000.3,30.2,25,24.6,50.81374321880651,52.48643761301989,64.376130198915,48.19168173598554,53.3,MODERATE
2014-06-12 16:00:00,17.5587,78.3529,2113.1,19.0,27.0,83.7,1003.0,32.3,230,24.1,25.135623869801083,38.743218806509944,61.25678119349005,48.19168173598554,39.7,MODERATE
2014-06-12 16:30:00,17.3022,78.5216,2556.2,0.1,26.2,85.0,1003.5,33.3,40,22.1,49.819168173598555,46.1121157323689,47.830018083182644,99.72875226039784,58.7,MODERATE
2014-06-12 17:00:00,17.4705,78.4468,2720.2,6.5,25.2,91.7,1001.0,24.4,85,21.1,59.85533453887884,79.56600361663652,42.405063291139236,85.17179023508137,65.4,HIGH
2014-06-12 17:30:00,17.495,78.6786,1478.3,20.5,24.1,91.3,998.9,21.4,240,21.3,2.8933092224231465,77.75768535262206,43.53526220614828,44.66546112115732,34.3,MODERATE
2014-06-16 16:30:00,17.393,78.3306,2543.7,16.3,22.3,88.1,1002.1,44.1,165,12.3,49.09584086799277,62.25135623869801,1.2658227848101267,57.09764918625678,43.8,MODERATE
2014-06-16 17:00:00,17.5084,78.4982,2828.3,1.3,23.0,91.6,1001.0,42.9,320,22.6,66.18444846292948,78.93309222423146,51.13019891500904,97.15189873417721,71.9,HIGH
2014-06-16 17:30:00,17.4862,78.3082,2858.6,13.5,22.4,84.9,999.0,45.7,190,13.7,68.1735985533454,45.479204339963836,5.741410488245932,65.86799276672694,50.7,MODERATE
2014-06-17 19:15:00,17.3373,78.4279,2478.7,16.9,23.9,87.2,1006.4,24.6,350,18.0,45.750452079566,57.09764918625678,23.191681735985533,55.01808318264014,45.4,MODERATE
2014-06-17 19:45:00,17.5285,78.4138,2544.7,24.7,26.4,90.7,1000.0,28.2,225,16.1,49.23146473779385,75.85895117540687,15.958408679927668,31.916817359855333,44.4,MODERATE
2014-06-25 18:30:00,17.4637,78.2707,1448.9,1.7,23.9,86.4,1004.2,51.8,260,17.4,1.3562386980108498,52.98372513562387,20.34358047016275,96.29294755877035,34.5,MODERATE
2014-06-25 19:00:00,17.3784,78.5318,1760.6,5.7,26.6,83.6,1003.1,27.1,320,12.5,11.573236889692586,38.381555153707055,1.4918625678119348,87.20614828209764,30.0,LOW
2014-07-15 17:30:00,17.4148,78.6885,1489.2,0.1,25.0,86.8,1000.4,30.0,340,15.6,3.25497287522604,54.4755877034358,13.698010849909585,99.72875226039784,34.9,MODERATE
2014-07-15 18:00:00,17.4252,78.518,2789.6,0.6,24.1,93.0,1005.2,42.2,100,13.9,63.38155515370705,83.45388788426763,6.826401446654612,98.55334538878843,63.1,HIGH
2014-07-23 16:45:00,17.4531,78.6859,1887.9,28.2,26.5,82.2,1002.5,51.3,285,13.4,16.907775768535263,30.37974683544304,4.520795660036167,22.24231464737794,18.2,LOW
2014-07-23 17:15:00,17.3029,78.4151,2506.8,21.1,23.8,87.5,1002.0,28.5,170,14.9,47.19710669077758,59.26763110307414,11.12115732368897,43.3996383363472,41.6,MODERATE
2014-07-23 17:45:00,17.3507,78.3615,2385.1,29.1,24.8,83.2,998.8,50.4,265,16.2,39.059674502712475,36.4376130198915,16.365280289330922,19.801084990958408,30.1,MODERATE
2014-08-12 16:15:00,17.2915,78.4054,1951.6,5.5,23.9,87.3,1001.4,43.6,280,15.1,19.168173598553345,57.82097649186257,11.799276672694395,87.83905967450272,39.2,MODERATE
2014-08-12 16:45:00,17.3825,78.2294,1849.7,19.4,26.9,95.6,998.2,48.8,355,23.0,15.822784810126583,92.45027124773961,54.06871609403255,47.19710669077758,45.1,MODERATE
2014-09-18 17:30:00,17.3556,78.2906,2344.3,1.6,25.6,87.1,998.0,36.4,185,12.7,37.522603978300175,56.19349005424955,2.0795660036166366,96.60940325497288,46.0,MODERATE
2014-09-18 18:00:00,17.5439,78.498,2100.5,10.2,26.7,83.3,1007.3,46.5,40,13.8,24.593128390596743,37.070524412296564,6.283905967450271,74.59312839059675,33.4,MODERATE
2014-09-18 18:30:00,17.5276,78.3734,2583.4,26.8,23.9,96.6,1001.8,50.9,285,13.3,50.99457504520796,95.88607594936708,3.9783001808318263,25.994575045207956,45.6,MODERATE
2014-09-18 19:00:00,17.281,78.4894,2795.3,25.3,25.2,84.2,1000.5,48.0,115,14.6,63.83363471971067,41.8625678119349,10.08137432188065,30.018083182640144,41.9,MODERATE
2014-09-20 17:30:00,17.4677,78.3522,1422.7,29.0,22.9,92.8,1005.1,39.5,290,16.4,1.0849909584086799,82.86618444846293,17.224231464737795,20.207956600361666,24.5,LOW
2014-09-20 18:00:00,17.4521,78.6285,2820.1,3.2,22.4,97.1,1005.4,48.3,105,14.8,65.55153707052442,97.01627486437613,10.804701627486438,93.1735985533454,66.4,HIGH
2014-09-20 18:30:00,17.4606,78.4012,1475.7,18.8,23.6,97.0,1003.4,50.1,225,15.1,2.4412296564195297,96.79023508137432,11.799276672694395,48.68896925858951,32.4,MODERATE
2014-09-20 19:00:00,17.3261,78.5391,2865.5,3.1,21.5,88.9,998.9,43.9,135,24.8,68.80650994575045,66.45569620253164,65.77757685352623,93.44484629294756,72.7,HIGH
2014-09-25 14:15:00,17.284,78.2944,1720.1,20.0,22.4,83.9,1005.6,41.5,315,18.1,9.312839059674504,40.23508137432188,23.915009041591322,46.15732368896926,25.8,LOW
2014-09-25 14:45:00,17.4208,78.4044,1644.6,23.6,25.5,88.1,998.3,46.8,285,12.2,7.05244122965642,62.25135623869801,0.8589511754068716,35.75949367088608,22.6,LOW
2014-09-25 15:15:00,17.4577,78.618,1546.3,16.8,24.3,93.3,1003.3,37.3,340,18.0,4.430379746835443,84.49367088607595,23.191681735985533,55.4249547920434,34.4,MODERATE
2014-09-25 15:45:00,17.4893,78.6269,1668.9,24.0,24.5,88.3,999.3,47.7,335,14.2,7.775768535262206,63.24593128390597,8.1374321880651,34.40325497287523,24.3,LOW
2014-10-17 14:15:00,17.2784,78.3279,2024.2,22.8,22.5,93.5,1006.7,34.5,265,23.5,21.518987341772153,85.35262206148282,57.91139240506329,38.01989150090416,44.9,MODERATE
2014-10-17 14:45:00,17.2901,78.5438,1762.9,21.4,26.0,94.9,1003.5,36.6,35,14.0,11.66365280289331,90.14466546112115,7.323688969258589,41.90777576853526,32.5,MODERATE
2015-03-22 17:45:00,17.3984,78.2678,2310.3,26.4,26.4,92.5,1000.1,47.6,235,24.4,35.98553345388788,81.6003616636528,63.11030741410488,26.67269439421338,48.7,MODERATE
2015-03-22 18:15:00,17.3836,78.598,2726.9,3.8,22.6,85.5,1004.9,39.3,95,20.7,60.12658227848101,48.41772151898734,40.370705244122966,91.99819168173599,60.2,HIGH
2015-05-02 17:00:00,17.5535,78.3274,3040.0,5.4,29.9,84.7,1003.5,66.3,235,24.3,74.50271247739603,44.34900542495479,62.56781193490054,88.15551537070525,68.8,HIGH
2015-05-02 17:30:00,17.4829,78.3968,3332.4,5.3,23.5,79.5,1000.1,65.1,225,20.6,81.28390596745028,24.45750452079566,39.69258589511754,88.51717902350813,63.0,HIGH
2015-05-02 18:00:00,17.3279,78.2718,3021.0,11.5,24.8,73.6,997.3,38.5,175,19.8,73.64376130198916,14.285714285714285,35.397830018083184,71.38336347197108,53.7,MODERATE
2015-05-03 15:45:00,17.2865,78.6463,3495.0,15.9,24.4,72.9,996.0,72.7,170,33.7,84.9005424954792,13.155515370705245,90.50632911392405,58.81555153707052,66.5,HIGH
2015-05-03 16:15:00,17.3334,78.535,3022.4,21.1,30.1,89.2,1003.2,47.6,0,31.8,73.86980108499095,68.3996383363472,85.66907775768536,43.3996383363472,69.0,HIGH
2015-05-03 16:45:00,17.4035,78.5656,4080.4,29.2,29.9,87.2,996.6,54.4,70,20.3,97.01627486437613,57.09764918625678,37.839059674502714,19.34900542495479,61.7,HIGH
2015-05-06 15:45:00,17.364,78.2302,2548.5,40.0,26.5,91.6,998.6,63.6,40,23.6,49.45750452079566,78.93309222423146,58.49909584086799,5.515370705244127,48.4,MODERATE
2015-05-06 16:15:00,17.3267,78.389,3294.5,44.7,28.3,70.4,995.4,40.1,155,29.3,79.92766726943941,9.132007233273058,80.33453887884268,0.497287522603973,50.0,MODERATE
2015-05-06 16:45:00,17.542,78.4002,2590.3,24.6,28.9,78.3,999.3,68.5,235,25.2,51.35623869801085,21.925858951175407,68.0379746835443,32.27848101265823,45.0,MODERATE
2015-05-06 16:45:00,17.3591,78.5148,3399.3,25.3,25.8,89.6,998.1,53.2,295,31.6,82.73056057866185,70.84086799276673,85.17179023508137,30.018083182640144,70.3,HIGH
2015-05-06 17:15:00,17.573,78.3727,2879.9,8.2,26.5,72.0,998.1,68.4,355,36.7,69.71066907775769,11.66365280289331,97.24231464737794,80.47016274864376,65.8,HIGH
2015-05-06 17:45:00,17.5572,78.4378,2597.0,11.6,24.9,84.2,997.5,48.7,165,27.0,51.80831826401446,41.8625678119349,74.77396021699819,71.11211573236889,58.3,MODERATE
2015-05-08 14:00:00,17.3493,78.4204,3976.9,38.0,28.0,88.2,1002.1,52.2,140,22.0,95.20795660036167,62.83905967450272,47.151898734177216,7.820976491862563,61.6,HIGH
2015-05-08 14:30:00,17.4024,78.5365,2388.7,34.9,29.5,84.1,1003.7,68.1,300,36.1,39.33092224231465,41.274864376130196,95.84086799276673,10.89511754068716,45.3,MODERATE
2015-05-08 15:00:00,17.4984,78.6011,3916.0,44.9,24.9,66.1,998.7,40.2,290,18.4,93.3996383363472,2.396021699819168,25.723327305605785,0.1808318264014508,43.0,MODERATE
2015-05-08 15:30:00,17.5295,78.4162,2227.4,8.2,25.5,65.4,995.2,71.7,155,32.1,30.10849909584087,0.6329113924050633,86.34719710669077,80.47016274864376,45.5,MODERATE
2015-05-09 17:15:00,17.306,78.5178,2756.9,39.1,30.4,91.9,1002.2,65.1,155,22.3,62.29656419529837,80.37974683544303,49.09584086799277,6.826401446654606,52.2,MODERATE
2015-05-09 17:45:00,17.2833,78.5632,2423.2,29.3,25.2,69.7,998.4,67.1,50,25.8,41.500904159132006,7.9113924050632916,71.06690777576854,18.9873417721519,36.2,MODERATE
2015-05-09 18:15:00,17.4431,78.5295,2621.6,27.3,29.9,87.5,1003.3,49.6,315,24.4,53.34538878842676,59.26763110307414,63.11030741410488,24.502712477396027,50.7,MODERATE
2015-05-09 18:45:00,17.4008,78.2692,2765.6,21.7,25.3,74.0,997.6,36.7,80,30.7,62.65822784810127,15.18987341772152,83.18264014466547,40.46112115732369,52.8,MODERATE
2015-05-17 20:00:00,17.5036,78.5421,3746.0,43.1,29.2,81.5,1002.7,61.9,140,26.2,90.41591320072332,28.57142857142857,72.73960216998192,2.124773960216997,56.9,MODERATE
2015-05-17 20:30:00,17.4616,78.5466,2706.5,5.4,28.8,79.5,1002.5,67.9,250,34.9,58.58951175406871,24.45750452079566,93.12839059674502,88.15551537070525,64.6,HIGH
2015-05-18 18:00:00,17.3907,78.4337,3987.2,31.3,23.1,90.5,997.1,39.3,25,33.4,95.66003616636529,74.59312839059675,89.78300180831826,15.641952983725139,74.3,HIGH
2015-05-18 18:30:00,17.3454,78.6184,3168.0,25.6,25.5,80.5,997.9,36.6,50,23.4,76.49186256781194,26.853526220614825,57.27848101265823,29.204339963833636,53.3,MODERATE
2015-05-18 21:30:00,17.4078,78.5807,2452.0,12.9,30.6,69.7,1000.1,58.2,265,27.8,43.53526220614828,7.9113924050632916,76.85352622061484,67.8119349005425,47.9,MODERATE
2015-05-18 22:00:00,17.3388,78.4839,2944.3,31.5,24.1,80.4,996.7,46.1,105,22.4,72.24231464737794,26.67269439421338,49.728752260397826,15.461121157323687,47.3,MODERATE
2015-05-18 22:30:00,17.454,78.4949,3317.5,19.8,29.3,71.8,1003.5,70.8,290,24.7,80.6509945750452,11.347197106690778,65.14466546112115,46.51898734177215,56.9,MODERATE
2015-05-18 23:00:00,17.5283,78.5961,2550.2,31.9,24.8,70.9,1002.9,45.0,60,23.3,49.728752260397826,9.990958408679926,56.23869801084991,14.873417721518988,36.1,MODERATE
2015-05-22 15:30:00,17.5259,78.3071,2238.3,36.2,27.9,83.9,1002.5,67.1,10,37.2,31.193490054249544,40.23508137432188,98.55334538878843,9.629294755877037,42.2,MODERATE
2015-05-22 16:00:00,17.4648,78.6689,3963.2,28.4,29.7,82.3,995.7,64.6,210,19.9,94.66546112115732,31.193490054249544,35.89511754068716,21.42857142857143,55.6,MODERATE
2015-05-23 20:45:00,17.2696,78.6619,3029.6,21.1,26.1,66.9,1000.7,64.3,300,31.5,74.0506329113924,3.571428571428571,84.9005424954792,43.3996383363472,56.0,MODERATE
2015-05-23 21:15:00,17.3879,78.3344,3393.7,42.1,30.4,74.2,999.7,43.5,55,37.9,82.64014466546112,15.641952983725135,99.95479204339965,3.616636528028938,56.9,MODERATE
2015-05-23 21:45:00,17.4202,78.6262,3122.3,42.6,27.0,90.6,1002.5,49.5,100,35.3,75.76853526220614,75.22603978300181,93.85171790235081,2.9837251356238714,64.7,HIGH
2015-05-23 22:15:00,17.4625,78.2539,3488.5,44.0,23.6,80.0,1001.7,67.4,105,26.3,84.53887884267631,25.678119349005424,73.14647377938516,0.9041591320072317,53.8,MODERATE
2015-05-28 19:00:00,17.5362,78.2673,2622.3,35.1,23.4,78.3,999.0,48.4,225,25.9,53.43580470162749,21.925858951175407,71.79023508137432,10.623869801084995,42.2,MODERATE
2015-05-28 19:30:00,17.4383,78.3286,2617.2,16.9,30.3,79.8,1001.6,48.9,75,26.2,52.80289330922242,25.090415913200726,72.73960216998192,55.01808318264014,51.7,MODERATE
2015-05-28 20:00:00,17.3208,78.6106,3369.7,18.5,29.4,71.7,1003.8,48.8,175,24.7,82.09764918625679,11.211573236889691,65.14466546112115,49.90958408679928,58.1,MODERATE
2015-05-28 20:00:00,17.39,78.5377,3983.8,17.2,27.4,86.3,998.7,41.7,245,27.5,95.56962025316456,52.48643761301989,76.03978300180832,54.29475587703436,74.8,HIGH
2015-05-28 20:30:00,17.3056,78.2801,3496.2,40.0,29.3,68.8,999.9,39.2,180,18.9,84.99095840867993,6.23869801084991,29.8372513562387,5.515370705244127,42.3,MODERATE
2015-05-28 20:30:00,17.3507,78.2754,2535.0,10.9,30.8,85.5,1003.7,52.6,50,23.6,48.55334538878843,48.41772151898734,58.49909584086799,72.37793851717902,55.3,MODERATE
2015-05-28 21:00:00,17.3685,78.367,2665.0,10.2,25.1,74.6,1001.1,37.5,15,22.2,55.60578661844484,16.229656419529835,48.508137432188065,74.59312839059675,50.1,MODERATE
2015-05-28 21:30:00,17.3133,78.3869,3929.3,11.2,23.7,78.1,997.7,57.5,340,34.1,93.85171790235081,21.292947558770344,91.54611211573237,71.88065099457505,74.5,HIGH
2015-06-11 14:45:00,17.3897,78.5649,1918.7,20.1,25.9,97.1,1002.0,45.1,10,15.7,17.811934900542497,97.01627486437613,14.285714285714285,45.84086799276673,38.6,MODERATE
2015-06-11 15:15:00,17.5753,78.317,2089.5,12.9,23.2,85.2,998.7,48.4,145,17.9,24.321880650994576,47.061482820976494,22.649186256781192,67.8119349005425,37.2,MODERATE
2015-06-11 15:45:00,17.5071,78.289,2248.1,13.3,25.9,93.6,1004.9,30.9,120,23.3,32.278481012658226,85.75949367088607,56.23869801084991,66.59132007233272,54.6,MODERATE
2015-06-11 16:15:00,17.4718,78.5068,1644.5,7.0,21.6,95.4,1007.7,24.3,315,15.2,6.962025316455696,91.86256781193491,12.160940325497288,83.99638336347198,40.4,MODERATE
2015-06-14 19:30:00,17.4456,78.5804,2572.3,8.3,22.6,82.3,1004.8,22.5,165,17.9,50.36166365280289,31.193490054249544,22.649186256781192,80.10849909584087,46.9,MODERATE
2015-06-14 20:00:00,17.2781,78.4483,2011.6,4.8,25.1,97.5,1003.6,42.9,215,13.0,21.15732368896926,97.96564195298373,2.938517179023508,90.23508137432188,46.7,MODERATE
2015-06-22 14:30:00,17.4253,78.6075,2006.9,14.5,21.6,88.6,1004.5,20.5,325,15.9,20.70524412296564,65.05424954792043,15.23508137432188,63.33634719710669,37.0,MODERATE
2015-06-22 15:00:00,17.2886,78.6337,1984.1,16.3,26.8,83.1,1004.5,22.4,220,17.3,20.07233273056058,35.80470162748644,20.11754068716094,57.09764918625678,30.6,MODERATE
2015-06-22 15:30:00,17.5727,78.3357,2813.8,1.3,24.0,83.1,1005.3,39.5,15,21.9,65.0994575045208,35.80470162748644,46.65461121157324,97.15189873417721,62.0,HIGH
2015-07-13 20:15:00,17.2845,78.4026,1748.1,8.0,24.5,85.2,1000.9,27.6,110,25.3,10.940325497287523,47.061482820976494,68.71609403254972,81.28390596745028,43.8,MODERATE
2015-07-13 20:45:00,17.3578,78.3246,1757.2,27.3,24.1,89.5,1005.6,24.9,80,18.8,11.482820976491864,70.29837251356238,28.84267631103074,24.502712477396027,29.3,LOW
2015-07-13 21:15:00,17.4849,78.6604,1963.7,21.2,24.1,92.8,1005.6,21.5,70,21.1,19.439421338155515,82.86618444846293,42.405063291139236,42.85714285714286,41.4,MODERATE
2015-07-26 15:15:00,17.4016,78.3047,1574.9,16.4,26.5,87.5,1005.3,41.1,110,25.0,5.063291139240507,59.26763110307414,66.59132007233272,56.55515370705244,38.5,MODERATE
2015-07-26 15:45:00,17.4835,78.4184,2240.9,28.3,22.0,86.1,1005.8,23.2,180,13.1,31.645569620253166,51.40144665461121,3.3453887884267632,21.880650994575046,28.0,LOW
2015-07-26 16:15:00,17.3046,78.6813,1722.0,2.0,24.8,93.8,998.3,41.1,190,19.5,9.403254972875226,86.70886075949366,33.90596745027125,95.3887884267631,47.0,MODERATE
2015-07-26 16:45:00,17.3211,78.4909,1844.5,28.1,26.0,97.7,1000.6,51.0,165,18.0,15.23508137432188,98.86980108499095,23.191681735985533,22.513562386980112,35.0,MODERATE
2015-08-10 16:15:00,17.3771,78.2774,1733.5,15.6,24.8,85.9,998.6,32.5,70,15.3,10.216998191681736,50.45207956600362,12.567811934900542,59.6745027124774,28.6,LOW
2015-08-10 16:45:00,17.4988,78.4927,2879.4,12.4,25.6,95.9,1004.8,33.2,140,22.6,69.62025316455697,93.49005424954791,51.13019891500904,69.16817359855334,70.6,HIGH
2015-08-10 17:15:00,17.422,78.4189,2705.8,18.9,24.4,83.8,1004.1,23.8,125,16.7,58.49909584086799,39.46654611211573,18.21880650994575,48.41772151898734,44.6,MODERATE
2015-08-23 20:30:00,17.5571,78.5342,1515.2,10.6,24.5,88.5,1006.3,46.1,80,20.6,3.7070524412296564,64.28571428571429,39.69258589511754,73.01084990958408,36.9,MODERATE
2015-08-23 21:00:00,17.545,78.6729,2066.2,22.5,24.4,90.6,1000.8,26.9,195,16.0,23.146473779385172,75.22603978300181,15.687160940325498,39.24050632911392,35.3,MODERATE
2015-08-23 21:30:00,17.3163,78.6106,1462.9,12.6,22.4,96.1,1003.6,27.4,210,19.0,1.89873417721519,94.07775768535262,30.74141048824593,68.71609403254972,39.5,MODERATE
2015-08-23 22:00:00,17.3488,78.3733,2654.7,1.5,24.1,88.1,1001.2,29.1,85,13.3,55.24412296564195,62.25135623869801,3.9783001808318263,96.83544303797468,54.7,MODERATE
2015-08-27 17:45:00,17.4703,78.5559,1412.5,6.5,25.1,89.7,998.1,45.7,235,22.8,0.09041591320072333,71.3381555153707,52.84810126582279,85.17179023508137,41.9,MODERATE
2015-08-27 18:15:00,17.2885,78.5825,2275.6,23.5,25.6,94.8,1003.2,24.5,315,21.4,34.267631103074145,89.5117540687161,44.07775768535262,36.16636528028933,47.7,MODERATE
2015-08-27 18:45:00,17.4877,78.4072,2393.7,10.4,23.6,84.5,1000.6,39.4,175,18.1,39.78300180831826,43.21880650994575,23.915009041591322,73.68896925858951,44.1,MODERATE
2015-08-27 19:15:00,17.5306,78.4788,2537.4,9.2,23.8,93.4,1001.9,38.8,290,14.6,48.64376130198915,84.94575045207957,10.08137432188065,77.62206148282098,54.0,MODERATE
2015-09-02 19:15:00,17.4242,78.3155,1515.5,20.9,23.6,95.1,1004.6,45.5,185,15.8,3.79746835443038,90.55153707052442,14.783001808318264,43.94213381555153,31.4,MODERATE
2015-09-02 19:45:00,17.4322,78.5227,2522.3,6.8,24.4,95.2,1002.6,28.9,30,21.2,48.10126582278481,91.00361663652802,43.037974683544306,84.44846292947558,62.9,HIGH
2015-09-02 20:15:00,17.3495,78.5343,2622.4,23.3,25.7,85.0,998.9,42.4,135,17.2,53.52622061482821,46.1121157323689,19.936708860759495,36.70886075949367,42.0,MODERATE
2015-09-23 20:45:00,17.4811,78.4401,1739.8,18.4,22.9,91.2,1001.6,46.4,185,23.5,10.30741410488246,77.35081374321881,57.91139240506329,50.45207956600362,41.3,MODERATE
2015-09-23 21:15:00,17.5439,78.5952,1637.5,1.6,24.6,84.5,1006.3,31.5,170,24.8,6.78119349005425,43.21880650994575,65.77757685352623,96.60940325497288,43.8,MODERATE
2016-03-23 21:15:00,17.3735,78.5185,1688.0,4.4,26.7,96.7,1006.9,40.0,30,23.3,8.408679927667269,96.15732368896926,56.23869801084991,90.95840867992767,52.0,MODERATE
2016-03-23 21:45:00,17.5207,78.4881,2407.1,27.8,24.9,95.2,1004.9,37.7,310,15.4,40.415913200723324,91.00361663652802,13.110307414104883,23.14647377938517,41.6,MODERATE
2016-04-01 15:15:00,17.378,78.3876,3241.1,22.6,30.0,78.6,999.6,40.5,265,37.7,78.57142857142857,22.739602169981918,99.50271247739603,38.96925858951176,63.7,HIGH
2016-04-01 15:45:00,17.414,78.4371,3938.3,26.2,26.7,76.1,1002.4,70.8,210,35.1,93.94213381555153,18.942133815551536,93.49005424954791,27.034358047016273,65.5,HIGH
2016-04-01 16:15:00,17.4091,78.3472,3704.2,25.5,25.6,81.1,1004.0,52.4,75,36.4,89.78300180831826,27.893309222423145,96.24773960216999,29.52079566003617,66.6,HIGH
2016-04-01 16:45:00,17.3839,78.4922,3157.4,39.5,23.8,80.0,999.6,46.3,140,34.4,76.13019891500905,25.678119349005424,91.95298372513562,6.193490054249551,55.2,MODERATE
2016-04-01 16:45:00,17.3591,78.5352,4130.6,7.0,30.1,80.6,1000.1,55.0,85,19.4,98.19168173598554,27.124773960217,33.36347197106691,83.99638336347198,68.2,HIGH
2016-04-01 17:15:00,17.3073,78.5981,3926.0,11.0,29.8,91.8,1001.5,66.4,275,37.9,93.58047016274864,80.01808318264014,99.95479204339965,72.19710669077757,87.9,VERY HIGH
2016-04-01 17:45:00,17.512,78.5409,3559.3,42.8,25.4,65.0,997.4,43.7,345,31.2,86.34719710669077,0.09041591320072333,84.17721518987342,2.5316455696202556,51.9,MODERATE
2016-04-06 20:00:00,17.385,78.509,2977.5,14.6,23.8,73.5,995.9,42.1,140,37.7,72.78481012658227,14.059674502712477,99.50271247739603,62.92947558770343,64.4,HIGH
2016-04-06 20:30:00,17.295,78.2592,3982.6,23.6,25.6,77.9,997.9,54.6,35,35.2,95.47920433996383,20.88607594936709,93.67088607594937,35.75949367088608,68.3,HIGH
2016-04-06 21:00:00,17.3651,78.2903,3464.8,10.1,27.6,83.7,1001.3,65.1,90,35.5,83.99638336347198,38.743218806509944,94.2133815551537,75.04520795660036,75.2,HIGH
2016-04-06 21:30:00,17.4929,78.5145,2573.3,6.0,25.3,77.0,1000.6,69.0,355,21.9,50.45207956600362,20.11754068716094,46.65461121157324,86.16636528028934,50.8,MODERATE
2016-05-04 14:00:00,17.5334,78.4951,3981.3,28.9,29.5,76.6,1001.7,71.5,90,29.4,95.3887884267631,19.575045207956602,80.56057866184449,20.47920433996383,62.3,HIGH
2016-05-04 14:30:00,17.3187,78.3124,3781.4,20.4,26.5,81.0,1000.3,37.7,190,34.6,91.22965641952983,27.75768535262206,92.45027124773961,44.80108499095841,69.5,HIGH
2016-05-09 21:30:00,17.3392,78.6429,2712.4,13.8,24.1,88.2,999.5,62.0,255,22.8,59.3128390596745,62.83905967450272,52.84810126582279,65.23508137432188,59.9,MODERATE
2016-05-09 22:00:00,17.4258,78.5428,4063.4,29.8,29.4,67.3,998.5,50.0,150,35.7,96.65461121157324,4.2947558770343575,94.8010849909584,18.0379746835443,62.1,HIGH
2016-05-09 22:30:00,17.5654,78.4104,2461.4,31.9,28.8,80.5,996.9,55.2,315,24.2,44.48462929475588,26.853526220614825,61.88969258589512,14.873417721518988,38.5,MODERATE
2016-05-09 23:00:00,17.4639,78.4126,2213.6,25.9,30.4,86.9,1002.4,66.8,170,24.5,28.84267631103074,55.01808318264014,63.69801084990958,28.300180831826406,40.9,MODERATE
2016-05-10 15:15:00,17.3339,78.3595,3000.6,37.5,23.1,82.5,1001.0,66.9,75,36.7,73.14647377938516,32.594936708860764,97.24231464737794,8.408679927667272,56.9,MODERATE
2016-05-10 15:45:00,17.3705,78.486,3614.0,31.5,29.5,88.9,1002.3,35.8,300,32.7,87.61301989150091,66.45569620253164,87.88426763110307,15.461121157323687,69.0,HIGH
2016-05-17 18:15:00,17.3111,78.4207,3297.2,21.1,27.2,91.9,996.2,62.0,225,25.9,80.01808318264014,80.37974683544303,71.79023508137432,43.3996383363472,71.1,HIGH
2016-05-17 18:45:00,17.2714,78.5658,3343.6,22.4,24.0,76.0,998.2,47.1,110,32.6,81.64556962025317,18.535262206148282,87.43218806509945,39.46654611211573,61.7,HIGH
2016-05-17 19:15:00,17.4494,78.662,2899.7,14.8,28.2,70.4,997.8,44.0,230,19.4,70.88607594936708,9.132007233273058,33.36347197106691,62.34177215189873,49.3,MODERATE
2016-05-17 19:45:00,17.2758,78.3926,3760.4,27.6,25.1,83.8,1000.1,66.8,220,32.7,90.59674502712477,39.46654611211573,87.88426763110307,23.64376130198915,66.4,HIGH
2016-05-25 17:30:00,17.5039,78.4197,3505.9,28.2,23.2,91.7,995.4,73.7,115,29.0,85.08137432188066,79.56600361663652,79.65641952983725,22.24231464737794,70.3,HIGH
2016-05-25 18:00:00,17.3651,78.4102,2673.8,8.9,24.4,86.5,1001.1,56.9,310,27.5,56.23869801084991,53.34538878842676,76.03978300180832,78.39059674502712,64.1,HIGH
2016-05-25 18:30:00,17.5087,78.4305,3455.5,30.9,29.8,73.8,1001.2,73.5,320,32.6,83.7251356238698,14.828209764918626,87.43218806509945,16.13924050632911,57.2,MODERATE
2016-05-25 19:00:00,17.3942,78.6802,2561.8,37.0,25.7,84.7,998.8,58.1,255,34.7,49.90958408679928,44.34900542495479,92.76672694394213,8.81555153707052,49.2,MODERATE
2016-05-28 15:45:00,17.4606,78.5736,2637.4,7.4,24.0,81.4,1002.6,36.8,165,32.7,54.79204339963834,28.34538878842676,87.88426763110307,83.27305605786619,61.8,HIGH
2016-05-28 16:15:00,17.3245,78.503,3022.7,10.1,23.2,81.8,1002.3,68.7,325,27.7,73.96021699819168,29.204339963833636,76.62748643761303,75.04520795660036,65.8,HIGH
2016-06-01 16:00:00,17.3108,78.4319,2124.3,6.4,22.1,95.4,1003.0,20.5,30,23.2,25.678119349005424,91.86256781193491,55.19891500904159,85.44303797468355,56.8,MODERATE
2016-06-01 16:30:00,17.3294,78.36,1833.5,11.3,23.7,90.7,999.6,42.1,55,14.3,14.828209764918626,75.85895117540687,8.7251356238698,71.65461121157324,37.2,MODERATE
2016-06-10 14:30:00,17.2725,78.343,2699.4,4.9,23.8,82.2,1002.8,20.7,340,23.5,58.04701627486437,30.37974683544304,57.91139240506329,89.87341772151899,58.9,MODERATE
2016-06-10 15:00:00,17.4541,78.5812,2185.1,6.8,25.2,83.3,1002.4,25.2,140,14.6,27.93851717902351,37.070524412296564,10.08137432188065,84.44846292947558,37.5,MODERATE
2016-06-13 14:30:00,17.5489,78.2569,2441.0,5.5,23.3,88.6,1007.1,27.8,65,13.3,42.857142857142854,65.05424954792043,3.9783001808318263,87.83905967450272,48.5,MODERATE
2016-06-13 15:00:00,17.3002,78.2881,2260.8,1.8,21.7,93.4,1001.6,24.0,0,15.6,33.00180831826401,84.94575045207957,13.698010849909585,96.06690777576854,52.1,MODERATE
2016-06-23 19:00:00,17.5625,78.4026,1908.9,1.9,24.2,83.7,1000.5,30.1,205,23.3,17.72151898734177,38.743218806509944,56.23869801084991,95.750452079566,45.2,MODERATE
2016-06-23 19:30:00,17.4361,78.6562,2707.0,23.6,23.0,96.6,999.0,47.3,270,16.6,58.67992766726944,95.88607594936708,17.99276672694394,35.75949367088608,53.4,MODERATE
2016-06-23 20:00:00,17.4222,78.5268,2165.9,3.6,23.2,94.8,1006.6,24.4,100,25.3,27.124773960217,89.5117540687161,68.71609403254972,92.45027124773961,61.0,HIGH
2016-06-23 20:30:00,17.4783,78.3375,2815.4,26.1,23.1,94.5,1006.0,51.6,355,20.4,65.28028933092224,88.47197106690777,38.5623869801085,27.396021699819173,57.0,MODERATE
2016-07-07 18:15:00,17.5333,78.6285,1414.9,23.3,24.0,97.8,1002.8,51.6,320,22.6,0.406871609403255,99.32188065099457,51.13019891500904,36.70886075949367,37.6,MODERATE
2016-07-07 18:45:00,17.541,78.4128,2694.4,8.0,24.4,95.7,1001.3,50.5,345,13.7,57.41410488245931,92.85714285714286,5.741410488245932,81.28390596745028,58.9,MODERATE
2016-07-12 20:00:00,17.4426,78.391,2315.6,0.7,22.1,84.0,999.9,34.7,285,22.5,36.34719710669078,40.6871609403255,50.31645569620253,98.37251356238697,52.4,MODERATE
2016-07-12 20:30:00,17.4043,78.2511,2630.7,24.8,24.7,87.6,1006.0,37.7,25,23.6,54.15913200723327,60.08137432188065,58.49909584086799,31.600361663652798,51.7,MODERATE
2016-07-17 14:30:00,17.4688,78.5892,2587.2,18.1,24.3,83.0,1000.9,23.0,330,25.5,51.26582278481012,35.081374321880645,69.52983725135624,51.35623869801085,51.7,MODERATE
2016-07-17 15:00:00,17.3679,78.541,2291.4,18.1,25.3,91.2,1002.3,28.8,45,22.8,34.99095840867993,77.35081374321881,52.84810126582279,51.35623869801085,50.3,MODERATE
2016-08-03 21:00:00,17.359,78.4734,2417.6,17.8,22.3,84.8,1006.8,37.9,150,24.2,41.09403254972875,44.98191681735986,61.88969258589512,52.4864376130199,48.3,MODERATE
2016-08-03 21:30:00,17.4515,78.266,2809.4,22.7,24.7,95.3,998.8,35.3,175,20.8,64.55696202531645,91.45569620253164,40.822784810126585,38.51717902350814,60.0,MODERATE
2016-08-03 22:00:00,17.5093,78.3567,2811.3,3.7,26.3,97.5,999.8,43.1,90,12.6,64.73779385171791,97.96564195298373,1.7179023508137432,92.2242314647378,64.3,HIGH
2016-08-03 22:30:00,17.427,78.4968,2803.9,20.2,24.1,95.0,1007.5,20.7,100,25.8,64.28571428571429,90.32549728752261,71.06690777576854,45.43399638336347,67.1,HIGH
2016-08-06 19:45:00,17.4668,78.3007,2220.6,2.6,23.6,88.6,998.4,28.8,215,25.4,29.38517179023508,65.05424954792043,69.16817359855335,94.16817359855334,57.4,MODERATE
2016-08-06 20:15:00,17.5666,78.5679,2449.4,25.6,22.1,93.3,1003.0,46.5,185,19.1,43.21880650994575,84.49367088607595,31.55515370705244,29.204339963833636,46.3,MODERATE
2016-08-15 15:30:00,17.43,78.5792,2469.0,5.8,24.1,89.6,1001.8,36.6,295,17.8,44.66546112115732,70.84086799276673,22.106690777576855,86.84448462929475,53.8,MODERATE
2016-08-15 16:00:00,17.2758,78.5473,1874.2,1.7,24.9,85.9,1001.9,22.6,80,14.1,16.54611211573237,50.45207956600362,7.685352622061482,96.29294755877035,37.5,MODERATE
2016-08-20 21:30:00,17.5735,78.6679,1605.5,16.1,22.5,88.9,998.6,27.2,105,17.1,6.329113924050633,66.45569620253164,19.575045207956602,58.00180831826401,31.3,MODERATE
2016-08-20 22:00:00,17.5691,78.6016,2506.1,16.1,26.1,87.4,1005.1,51.8,275,16.4,47.10669077757685,58.45388788426763,17.224231464737795,58.00180831826401,45.6,MODERATE
2016-08-20 22:30:00,17.3057,78.5218,1585.8,2.1,26.5,85.0,1006.2,37.4,250,13.1,5.334538878842676,46.1121157323689,3.3453887884267632,95.11754068716094,31.0,MODERATE
2016-09-06 16:15:00,17.491,78.6574,2045.8,3.6,24.3,87.6,1001.7,39.9,270,22.1,22.151898734177212,60.08137432188065,47.830018083182644,92.45027124773961,48.9,MODERATE
2016-09-06 16:45:00,17.279,78.6877,1749.1,1.6,22.5,82.6,1001.9,45.7,210,16.8,11.030741410488245,33.047016274864376,18.49005424954792,96.60940325497288,34.0,MODERATE
2016-09-15 16:15:00,17.5313,78.6683,2725.3,8.1,22.6,89.6,998.1,20.8,75,19.7,60.03616636528029,70.84086799276673,34.810126582278485,80.83182640144666,61.3,HIGH
2016-09-15 16:45:00,17.4423,78.634,2236.8,28.8,21.8,83.6,998.4,25.9,215,19.6,31.103074141048825,38.381555153707055,34.35804701627486,20.750452079566006,31.1,MODERATE
2016-09-15 17:15:00,17.282,78.6654,2663.2,8.9,21.9,84.7,999.3,23.9,200,19.3,55.51537070524412,44.34900542495479,32.730560578661844,78.39059674502712,53.3,MODERATE
2016-09-15 17:45:00,17.3192,78.2561,2436.1,21.9,21.8,96.8,998.9,29.1,310,21.4,42.67631103074141,96.3381555153707,44.07775768535262,40.05424954792043,53.2,MODERATE
2016-09-24 19:45:00,17.5369,78.3067,1480.5,21.5,24.1,95.6,1001.8,25.4,160,23.7,3.074141048824593,92.45027124773961,59.17721518987342,41.45569620253164,39.8,MODERATE
2016-09-24 20:15:00,17.3263,78.5613,2166.7,18.1,24.0,95.3,1006.3,42.7,65,13.5,27.21518987341772,91.45569620253164,5.018083182640145,51.35623869801085,40.5,MODERATE
2016-09-24 20:45:00,17.4747,78.5505,1944.5,26.4,25.5,83.8,1002.1,48.4,345,12.7,18.806509945750452,39.46654611211573,2.0795660036166366,26.67269439421338,21.2,LOW
2016-09-24 21:15:00,17.3757,78.6268,1749.6,20.9,25.0,95.8,999.3,51.3,60,20.2,11.211573236889691,93.1735985533454,37.29656419529837,43.94213381555153,39.4,MODERATE
2016-10-10 15:45:00,17.4154,78.499,2212.1,2.6,21.8,83.7,1003.9,37.4,125,15.3,28.75226039783002,38.743218806509944,12.567811934900542,94.16817359855334,40.6,MODERATE
2016-10-10 16:15:00,17.3591,78.6592,2184.8,8.2,23.7,91.6,1004.5,24.9,355,25.7,27.848101265822784,78.93309222423146,70.29837251356238,80.47016274864376,57.1,MODERATE
2016-10-10 16:45:00,17.4476,78.5658,1947.2,19.2,24.1,85.0,1005.0,37.8,180,17.0,18.896925858951175,46.1121157323689,19.077757685352623,47.83001808318264,30.2,MODERATE
2016-10-10 17:15:00,17.2744,78.3745,1485.3,23.0,25.4,87.3,1004.8,32.7,50,22.6,3.1645569620253164,57.82097649186257,51.13019891500904,37.56781193490054,30.6,MODERATE
2016-10-12 21:00:00,17.5259,78.2876,1589.4,24.4,26.6,89.4,1003.0,30.2,210,24.5,5.605786618444846,69.62025316455697,63.69801084990958,32.77576853526221,35.5,MODERATE
2016-10-12 21:30:00,17.268,78.5575,1934.9,7.6,21.6,90.6,1006.5,50.6,140,19.9,18.535262206148282,75.22603978300181,35.89511754068716,82.82097649186258,46.2,MODERATE
2016-10-28 19:00:00,17.5113,78.3755,2269.6,10.4,26.0,89.5,998.8,25.3,80,12.9,33.815551537070526,70.29837251356238,2.6220614828209765,73.68896925858951,42.8,MODERATE
2016-10-28 19:30:00,17.3008,78.2815,2811.6,26.2,24.0,97.8,998.0,39.6,185,20.6,64.82820976491863,99.32188065099457,39.69258589511754,27.034358047016273,59.1,MODERATE
2016-10-28 20:00:00,17.4083,78.4203,2495.7,4.1,22.6,84.9,1000.6,36.8,255,13.6,46.65461121157324,45.479204339963836,5.379746835443038,91.41048824593129,47.1,MODERATE
2016-10-28 20:30:00,17.3596,78.3038,2413.4,1.1,24.9,93.2,1000.1,21.3,300,17.1,40.6871609403255,83.99638336347198,19.575045207956602,97.73960216998192,56.5,MODERATE
2017-03-09 19:30:00,17.3309,78.3635,2522.9,14.5,22.7,97.5,1005.2,50.6,145,18.0,48.19168173598553,97.96564195298373,23.191681735985533,63.33634719710669,56.2,MODERATE
2017-03-09 20:00:00,17.3603,78.6728,2203.5,18.5,25.2,92.7,1003.1,33.7,110,12.8,28.48101265822785,82.23327305605787,2.4412296564195297,49.90958408679928,38.3,MODERATE
2017-03-09 20:30:00,17.3874,78.2927,2507.3,25.7,26.7,89.9,1005.0,47.4,165,17.9,47.377938517179025,72.15189873417721,22.649186256781192,28.93309222423146,43.7,MODERATE
2017-03-25 15:30:00,17.5005,78.3716,2072.0,12.2,26.9,86.7,1000.9,31.3,290,19.9,23.32730560578662,54.15913200723327,35.89511754068716,69.66546112115732,41.3,MODERATE
2017-03-25 16:00:00,17.409,78.3483,2718.1,5.9,26.7,85.3,1004.1,27.1,175,19.6,59.76491862567812,47.64918625678119,34.35804701627486,86.48282097649187,57.6,MODERATE
2017-04-10 17:15:00,17.3477,78.2532,3652.2,9.9,25.4,79.4,1000.1,59.0,15,21.3,88.51717902350813,24.141048824593128,43.53526220614828,75.40687160940325,64.0,HIGH
2017-04-10 17:45:00,17.4475,78.2861,2442.8,33.8,24.5,73.9,999.4,36.0,5,23.0,43.037974683544306,15.009041591320072,54.06871609403255,12.296564195298377,33.5,MODERATE
2017-04-10 18:15:00,17.4308,78.3831,3238.6,12.9,29.4,70.0,995.8,52.4,265,31.2,78.48101265822784,8.544303797468354,84.17721518987342,67.8119349005425,63.5,HIGH
2017-04-10 18:45:00,17.499,78.6004,2473.7,7.8,30.1,75.5,997.6,64.0,300,34.7,45.20795660036166,17.67631103074141,92.76672694394213,82.23327305605787,56.6,MODERATE
2017-04-10 21:00:00,17.4287,78.3272,3763.5,13.2,25.1,67.5,998.6,51.8,250,28.3,90.77757685352623,4.792043399638336,77.84810126582279,66.99819168173599,66.2,HIGH
2017-04-10 21:30:00,17.3193,78.6839,3841.7,16.3,23.6,66.5,996.1,58.2,340,36.6,92.49547920433996,3.0289330922242312,96.9258589511754,57.09764918625678,68.4,HIGH
2017-04-10 22:00:00,17.4053,78.5558,3663.7,12.0,25.9,82.2,995.6,49.5,60,28.7,88.96925858951175,30.37974683544304,78.79746835443038,70.25316455696202,71.5,HIGH
2017-04-13 20:30:00,17.5049,78.4252,3330.8,5.8,23.3,77.0,1002.3,70.4,55,19.7,81.19349005424955,20.11754068716094,34.810126582278485,86.84448462929475,60.8,HIGH
2017-04-13 21:00:00,17.3921,78.5216,3442.4,9.8,30.8,70.0,999.0,54.5,205,34.3,83.54430379746836,8.544303797468354,91.77215189873418,75.72332730560578,68.6,HIGH
2017-04-13 21:30:00,17.4,78.5189,2630.3,30.1,30.4,91.9,995.3,44.4,265,24.2,54.06871609403255,80.37974683544303,61.88969258589512,17.31464737793852,53.5,MODERATE
2017-04-19 16:45:00,17.4436,78.5104,4084.7,36.5,23.2,79.4,1001.2,64.9,350,22.3,97.19710669077757,24.141048824593128,49.09584086799277,9.358047016274861,55.4,MODERATE
2017-04-19 17:15:00,17.4323,78.416,2538.3,44.1,29.8,78.5,1000.4,44.1,65,28.9,48.734177215189874,22.423146473779383,79.29475587703436,0.8137432188065064,40.0,MODERATE
2017-04-19 17:45:00,17.359,78.2706,3536.0,10.3,29.8,87.1,995.1,70.8,40,18.6,85.89511754068717,56.19349005424955,26.80831826401447,74.14104882459314,65.8,HIGH
2017-04-19 18:15:00,17.5088,78.4522,3788.0,28.1,25.7,86.9,997.1,44.0,230,28.1,91.500904159132,55.01808318264014,77.48643761301989,22.513562386980112,67.6,HIGH
2017-04-23 16:15:00,17.2975,78.4222,2426.6,11.9,27.4,69.4,995.6,47.7,285,22.4,41.8625678119349,7.05244122965642,49.728752260397826,70.5244122965642,42.2,MODERATE
2017-04-23 16:45:00,17.4265,78.2748,2232.1,43.5,26.0,81.3,995.7,62.3,75,36.7,30.560578661844485,28.20976491862568,97.24231464737794,1.446654611211573,37.6,MODERATE
2017-04-27 16:45:00,17.3241,78.4655,3889.6,8.2,28.7,82.7,1002.9,44.8,165,27.0,93.12839059674502,33.58951175406872,74.77396021699819,80.47016274864376,75.0,HIGH
2017-04-27 17:15:00,17.3826,78.2715,3115.8,20.8,29.9,71.6,1003.7,73.3,145,23.0,75.67811934900543,11.075949367088606,54.06871609403255,44.25858951175407,52.2,MODERATE
2017-04-27 17:45:00,17.5438,78.6749,3086.9,17.8,27.2,83.6,997.5,64.5,335,19.0,75.13562386980108,38.381555153707055,30.74141048824593,52.4864376130199,54.4,MODERATE
2017-05-07 19:30:00,17.4446,78.2742,3098.5,42.6,30.6,71.5,1000.6,54.0,305,35.5,75.40687160940325,10.759493670886076,94.2133815551537,2.9837251356238714,51.8,MODERATE
2017-05-07 20:00:00,17.549,78.521,3642.1,15.3,28.8,65.8,998.4,60.1,215,20.9,88.06509945750453,1.5822784810126582,41.41048824593128,60.66907775768535,56.0,MODERATE
2017-05-07 20:30:00,17.5446,78.6605,4159.6,39.7,24.4,66.2,1000.2,71.5,280,21.5,98.91500904159132,2.576853526220615,44.66546112115732,5.877034358047018,50.2,MODERATE
2017-05-07 21:00:00,17.3331,78.3512,3525.7,43.6,30.3,78.6,1002.2,40.4,40,37.5,85.71428571428571,22.739602169981918,99.14104882459313,1.220614828209765,58.9,MODERATE
2017-05-12 18:15:00,17.4212,78.3111,2416.3,38.7,27.9,73.8,996.7,57.2,130,29.7,40.958408679927665,14.828209764918626,81.10307414104882,6.9620253164556996,37.0,MODERATE
2017-05-12 18:45:00,17.5302,78.2677,2912.2,32.2,25.2,87.3,1001.7,66.6,10,20.4,71.24773960216999,57.82097649186257,38.5623869801085,14.28571428571429,50.6,MODERATE
2017-05-12 19:15:00,17.3285,78.3265,2283.0,17.9,27.5,88.2,1001.0,52.4,65,37.1,34.53887884267631,62.83905967450272,98.28209764918626,52.124773960217,56.5,MODERATE
2017-05-12 19:45:00,17.5515,78.2343,3305.6,34.6,26.9,67.3,1003.8,55.7,190,30.3,80.10849909584087,4.2947558770343575,81.8264014466546,11.4376130198915,51.6,MODERATE
2017-05-12 20:15:00,17.4169,78.4269,2349.8,9.2,29.7,71.5,996.8,55.2,155,33.4,37.88426763110307,10.759493670886076,89.78300180831826,77.62206148282098,50.8,MODERATE
2017-05-12 20:15:00,17.5279,78.4412,2635.2,10.4,30.6,67.0,996.8,48.9,325,30.4,54.61121157323689,3.752260397830018,82.3236889692586,73.68896925858951,53.8,MODERATE
2017-05-12 20:45:00,17.3067,78.3625,2677.5,13.5,26.3,84.0,997.0,49.7,15,25.8,56.41952983725136,40.6871609403255,71.06690777576854,65.86799276672694,58.1,MODERATE
2017-05-12 20:45:00,17.5702,78.444,3783.9,21.1,26.4,75.3,1001.5,56.9,5,36.9,91.32007233273056,17.4502712477396,97.73960216998192,43.3996383363472,68.2,HIGH
2017-05-12 21:15:00,17.5364,78.4219,3088.8,17.1,28.7,74.7,997.4,52.3,225,19.8,75.22603978300181,16.54611211573237,35.397830018083184,54.52079566003616,51.4,MODERATE
2017-05-14 18:30:00,17.4797,78.3732,2321.8,33.1,23.1,76.0,998.0,62.7,270,33.3,36.618444846292945,18.535262206148282,89.46654611211574,13.33634719710669,38.9,MODERATE
2017-05-14 19:00:00,17.5336,78.6054,4167.8,41.4,29.8,66.4,995.9,57.8,280,28.6,99.27667269439421,2.848101265822785,78.57142857142857,4.294755877034362,56.9,MODERATE
2017-05-14 19:30:00,17.4996,78.4911,2749.3,24.0,25.7,80.6,1003.0,57.8,165,30.6,61.75406871609403,27.124773960217,83.04701627486438,34.40325497287523,53.6,MODERATE
2017-05-23 17:00:00,17.5231,78.5177,2350.6,9.5,23.4,72.0,996.2,45.4,260,25.7,37.9746835443038,11.66365280289331,70.29837251356238,76.5370705244123,46.9,MODERATE
2017-05-23 17:30:00,17.5252,78.5566,2425.0,34.4,25.2,82.3,998.1,74.9,315,23.3,41.77215189873418,31.193490054249544,56.23869801084991,11.66365280289331,36.5,MODERATE
2017-05-23 18:00:00,17.4537,78.5307,4196.4,8.0,24.8,76.0,998.1,35.9,320,19.8,100.0,18.535262206148282,35.397830018083184,81.28390596745028,67.0,HIGH
2017-05-23 18:30:00,17.4264,78.4776,2710.2,35.7,29.0,80.9,996.9,38.9,315,19.3,58.95117540687161,27.622061482820975,32.730560578661844,10.307414104882461,37.7,MODERATE
2017-05-28 18:00:00,17.3616,78.2717,2487.7,9.2,26.4,86.5,996.3,40.2,260,30.9,46.20253164556962,53.34538878842676,83.499095840868,77.62206148282098,61.4,HIGH
2017-05-28 18:30:00,17.4359,78.2689,2673.7,11.6,24.0,74.9,997.1,43.7,230,19.1,56.14828209764918,16.77215189873418,31.55515370705244,71.11211573236889,46.3,MODERATE
2017-05-28 19:00:00,17.35,78.2468,3111.1,40.6,27.6,87.5,1003.9,41.5,65,31.8,75.5877034358047,59.26763110307414,85.66907775768536,4.7920433996383345,60.2,HIGH
2017-05-28 19:30:00,17.5698,78.6837,3573.4,14.7,29.4,67.9,1002.0,71.4,55,25.7,86.79927667269439,5.334538878842676,70.29837251356238,62.56781193490054,62.4,HIGH
2017-06-06 19:00:00,17.312,78.4964,1823.8,8.4,23.7,98.0,998.5,38.5,330,13.2,14.37613019891501,99.95479204339965,3.571428571428571,79.8372513562387,42.4,MODERATE
2017-06-06 19:30:00,17.4928,78.3939,1495.9,2.2,22.1,95.9,1002.7,42.8,325,17.5,3.4358047016274864,93.49005424954791,20.70524412296564,94.9367088607595,43.2,MODERATE
2017-06-06 20:15:00,17.355,78.4989,1784.6,28.0,22.2,94.8,1003.1,44.0,210,16.4,12.839059674502712,89.5117540687161,17.224231464737795,22.78481012658228,31.0,MODERATE
2017-06-06 20:45:00,17.4226,78.6487,2475.9,17.5,25.9,95.8,1002.6,35.2,175,17.4,45.56962025316456,93.1735985533454,20.34358047016275,53.52622061482821,51.6,MODERATE
2017-06-16 19:30:00,17.5755,78.4786,1826.1,29.8,26.8,89.1,1000.6,46.8,20,22.0,14.556962025316455,67.58589511754069,47.151898734177216,18.0379746835443,32.4,MODERATE
2017-06-16 20:00:00,17.5431,78.547,1825.7,20.8,23.2,94.1,1004.2,22.5,120,19.2,14.466546112115733,87.38698010849909,32.09764918625678,44.25858951175407,38.5,MODERATE
2017-06-16 20:30:00,17.3005,78.6039,2268.1,18.5,25.8,93.3,1006.3,21.8,115,22.5,33.54430379746836,84.49367088607595,50.31645569620253,49.90958408679928,50.4,MODERATE
2017-06-26 15:15:00,17.3764,78.5544,2182.3,3.7,26.8,92.2,1005.7,22.5,285,12.7,27.66726943942134,81.14828209764919,2.0795660036166366,92.2242314647378,46.2,MODERATE
2017-06-26 15:45:00,17.3094,78.4447,2308.8,12.9,21.6,94.5,998.1,44.4,210,24.5,35.80470162748644,88.47197106690777,63.69801084990958,67.8119349005425,58.3,MODERATE
2017-06-26 16:15:00,17.4329,78.4489,1983.8,26.6,26.4,87.4,1004.2,49.7,95,25.5,19.936708860759495,58.45388788426763,69.52983725135624,26.175406871609407,38.8,MODERATE
2017-07-19 15:45:00,17.5707,78.5254,2476.5,29.3,23.6,94.8,1002.3,47.8,170,14.5,45.66003616636528,89.5117540687161,9.629294755877034,18.9873417721519,41.9,MODERATE
2017-07-19 16:15:00,17.4351,78.5304,1811.0,17.8,24.2,84.1,1000.4,29.3,340,24.9,13.743218806509946,41.274864376130196,66.22965641952983,52.4864376130199,37.5,MODERATE
2017-07-19 16:45:00,17.3571,78.3993,2395.6,3.5,26.7,95.8,1003.8,41.6,305,12.2,39.963833634719705,93.1735985533454,0.8589511754068716,92.58589511754069,53.3,MODERATE
2017-07-25 16:45:00,17.4376,78.3176,1552.8,27.3,26.0,94.2,998.5,47.0,40,18.1,4.520795660036167,87.70343580470163,23.915009041591322,24.502712477396027,29.0,LOW
2017-07-25 17:15:00,17.2961,78.578,2273.7,5.6,22.5,84.9,998.6,38.8,135,23.8,34.0867992766727,45.479204339963836,59.719710669077756,87.56781193490055,52.2,MODERATE
2017-08-03 21:30:00,17.4064,78.3656,2794.5,3.7,25.1,82.8,1002.5,37.7,220,16.2,63.74321880650995,34.267631103074145,16.365280289330922,92.2242314647378,54.1,MODERATE
2017-08-03 22:00:00,17.5353,78.5554,1559.3,23.3,25.9,94.3,999.1,40.6,180,23.7,4.792043399638336,88.01989150090415,59.17721518987342,36.70886075949367,38.7,MODERATE
2017-08-03 22:30:00,17.5036,78.3514,2610.2,7.6,26.0,83.4,1006.7,36.0,205,16.2,52.35081374321881,37.613019891500905,16.365280289330922,82.82097649186258,48.3,MODERATE
2017-08-03 23:00:00,17.4011,78.6899,1730.5,3.1,24.7,89.8,1003.2,41.3,340,15.7,9.855334538878843,71.65461121157324,14.285714285714285,93.44484629294756,39.8,MODERATE
2017-09-03 19:00:00,17.534,78.6888,2040.3,3.3,21.7,93.6,1006.7,27.1,110,14.2,21.79023508137432,85.75949367088607,8.1374321880651,92.94755877034358,46.1,MODERATE
2017-09-03 19:30:00,17.5673,78.4654,1836.3,14.1,26.2,86.9,999.9,24.1,255,16.2,14.91862567811935,55.01808318264014,16.365280289330922,64.46654611211574,33.1,MODERATE
2017-09-03 20:00:00,17.5678,78.3217,1414.3,2.3,23.6,95.1,998.1,34.6,340,16.6,0.27124773960216997,90.55153707052442,17.99276672694394,94.84629294755878,40.8,MODERATE
2017-09-15 21:00:00,17.4982,78.2509,2822.8,21.3,21.5,94.2,1003.1,44.9,80,19.3,65.82278481012658,87.70343580470163,32.730560578661844,42.40506329113924,58.9,MODERATE
2017-09-15 21:30:00,17.3424,78.5432,2474.0,18.2,22.0,92.8,998.6,39.1,165,22.4,45.34358047016275,82.86618444846293,49.728752260397826,50.858951175406865,54.8,MODERATE
2017-09-16 17:00:00,17.3648,78.6709,1450.1,17.4,22.4,93.4,999.8,27.5,125,18.9,1.4466546112115732,84.94575045207957,29.8372513562387,53.84267631103074,34.3,MODERATE
2017-09-16 17:30:00,17.4169,78.2356,2781.7,29.3,22.7,85.3,1005.5,28.1,70,24.5,63.11030741410488,47.64918625678119,63.69801084990958,18.9873417721519,51.3,MODERATE
2017-09-18 20:00:00,17.2803,78.436,2266.4,17.1,23.3,87.0,999.1,31.7,255,13.4,33.36347197106691,55.56057866184448,4.520795660036167,54.52079566003616,36.3,MODERATE
2017-09-18 20:30:00,17.5739,78.6296,2247.0,15.5,23.1,90.3,1006.5,41.9,285,16.1,32.1880650994575,73.82459312839059,15.958408679927668,60.08137432188065,42.8,MODERATE
2017-09-19 15:45:00,17.3985,78.3867,2842.3,13.3,24.2,87.6,1007.1,38.2,240,22.7,67.08860759493672,60.08137432188065,51.94394213381555,66.59132007233272,62.6,HIGH
2017-09-19 16:15:00,17.3642,78.5634,2594.5,25.0,26.9,94.7,1004.0,30.9,115,19.6,51.5370705244123,88.87884267631104,34.35804701627486,30.78661844484629,51.4,MODERATE
2017-09-19 16:45:00,17.5283,78.4111,1476.9,12.1,25.2,89.2,1005.5,31.4,350,20.9,2.7124773960216997,68.3996383363472,41.41048824593128,69.98191681735986,37.0,MODERATE
2017-10-10 18:00:00,17.4108,78.5907,2820.3,8.3,23.7,96.9,1001.4,49.2,20,25.7,65.64195298372513,96.56419529837251,70.29837251356238,80.10849909584087,75.7,HIGH
2017-10-10 18:30:00,17.3774,78.5438,2393.3,21.5,23.0,87.1,999.3,41.0,180,12.6,39.69258589511754,56.19349005424955,1.7179023508137432,41.45569620253164,35.8,MODERATE
2017-10-10 19:00:00,17.311,78.5591,2859.2,29.5,24.2,95.9,1005.4,36.0,225,20.0,68.26401446654612,93.49005424954791,36.34719710669078,18.716094032549723,57.0,MODERATE
2017-10-23 21:15:00,17.3932,78.6348,2373.0,27.0,24.9,84.1,1001.1,26.5,195,24.7,38.42676311030742,41.274864376130196,65.14466546112115,25.497287522603973,41.8,MODERATE
2017-10-23 21:45:00,17.3919,78.3663,2338.2,4.6,23.6,85.3,1005.0,50.2,195,25.9,37.160940325497286,47.64918625678119,71.79023508137432,90.6871609403255,56.9,MODERATE
2018-03-08 16:30:00,17.4731,78.3283,1731.6,21.9,24.3,88.6,999.7,26.0,120,12.1,10.08137432188065,65.05424954792043,0.31645569620253167,40.05424954792043,25.1,LOW
2018-03-08 17:00:00,17.4109,78.3091,1906.2,0.5,23.7,90.8,1004.2,41.2,160,23.7,17.63110307414105,76.22061482820976,59.17721518987342,98.77938517179024,53.9,MODERATE
2018-03-08 17:30:00,17.5399,78.4471,2179.5,5.7,24.0,96.4,998.5,47.6,5,16.8,27.576853526220614,95.02712477396021,18.49005424954792,87.20614828209764,51.2,MODERATE
2018-03-08 18:00:00,17.5539,78.2591,2224.1,17.7,25.1,86.1,1001.6,47.0,90,14.7,29.92766726943942,51.40144665461121,10.488245931283906,52.89330922242315,34.9,MODERATE
2018-04-02 19:15:00,17.441,78.3076,2595.4,17.8,27.7,70.7,996.0,73.8,155,18.4,51.62748643761302,9.629294755877034,25.723327305605785,52.4864376130199,38.2,MODERATE
2018-04-02 19:45:00,17.5107,78.366,2471.3,10.8,28.6,82.4,1002.0,72.5,115,31.8,44.846292947558766,32.05244122965642,85.66907775768536,72.55877034358048,56.0,MODERATE
2018-04-02 20:15:00,17.343,78.6175,2618.6,7.9,28.6,75.9,1003.3,61.0,205,19.8,52.98372513562387,18.264014466546115,35.397830018083184,81.78119349005425,48.3,MODERATE
2018-04-07 19:00:00,17.393,78.2478,2894.6,15.6,28.5,90.6,997.4,67.5,290,19.1,70.61482820976492,75.22603978300181,31.55515370705244,59.6745027124774,61.5,HIGH
2018-04-07 19:30:00,17.3485,78.6657,3652.6,13.8,26.6,86.5,999.9,61.0,80,33.1,88.60759493670885,53.34538878842676,89.10488245931283,65.23508137432188,77.0,HIGH
2018-04-14 19:45:00,17.4232,78.235,2925.7,29.0,29.8,89.0,999.4,64.1,160,24.3,71.69981916817359,67.08860759493672,62.56781193490054,20.207956600361666,58.7,MODERATE
2018-04-14 20:15:00,17.5555,78.5627,3354.4,30.9,23.2,81.7,999.6,56.8,225,25.2,81.73598553345388,28.887884267631105,68.0379746835443,16.13924050632911,55.3,MODERATE
2018-04-14 20:45:00,17.4042,78.5374,2830.8,32.3,30.0,71.4,1003.8,50.5,260,23.3,66.45569620253164,10.443037974683545,56.23869801084991,14.195298372513566,42.8,MODERATE
2018-04-26 19:30:00,17.3265,78.4414,2772.6,14.9,28.2,82.6,1002.4,51.7,105,19.5,62.83905967450272,33.047016274864376,33.90596745027125,62.0253164556962,50.9,MODERATE
2018-04-26 20:00:00,17.3956,78.5509,2736.5,45.0,24.4,65.3,996.3,66.0,270,26.9,60.57866184448463,0.45207956600361665,74.45750452079565,0.0,39.2,MODERATE
2018-04-28 16:15:00,17.3919,78.2524,3193.0,9.9,26.2,74.5,1002.0,67.1,310,21.1,77.30560578661844,15.913200723327305,42.405063291139236,75.40687160940325,57.7,MODERATE
2018-04-28 16:45:00,17.383,78.2987,3796.9,33.3,24.5,74.9,996.0,60.1,15,20.4,91.68173598553345,16.77215189873418,38.5623869801085,13.15551537070524,50.4,MODERATE
2018-04-28 17:15:00,17.2897,78.3926,3206.4,24.7,23.0,78.5,998.5,73.9,50,21.2,77.9385171790235,22.423146473779383,43.037974683544306,31.916817359855333,50.7,MODERATE
2018-05-06 17:00:00,17.47,78.3862,3695.0,27.0,26.6,69.6,1000.7,74.0,140,34.5,89.5117540687161,7.640144665461121,92.17902350813743,25.497287522603973,60.9,HIGH
2018-05-06 17:30:00,17.3821,78.4914,3963.4,42.7,28.9,67.3,1001.0,51.4,160,27.4,94.75587703435805,4.2947558770343575,75.76853526220614,2.7124773960216952,54.5,MODERATE
2018-05-11 14:30:00,17.5428,78.567,3216.7,44.7,25.1,87.5,998.8,60.9,160,32.5,78.11934900542495,59.26763110307414,87.16094032549728,0.497287522603973,60.6,HIGH
2018-05-11 15:00:00,17.4816,78.686,2755.8,24.9,25.6,76.9,1002.7,62.4,95,35.6,62.11573236889693,19.936708860759495,94.57504520795659,31.23869801084991,54.0,MODERATE
2018-05-11 15:30:00,17.5637,78.5335,3245.4,5.9,26.3,73.1,1001.7,43.3,80,22.1,78.6618444846293,13.471971066907775,47.830018083182644,86.48282097649187,61.0,HIGH
2018-05-11 16:00:00,17.3067,78.3723,3971.8,36.0,28.9,86.5,997.4,70.5,265,20.7,94.9367088607595,53.34538878842676,40.370705244122966,9.76491862567812,58.7,MODERATE
2018-05-12 17:30:00,17.4912,78.462,3559.9,13.1,29.0,91.9,1001.0,54.7,245,36.5,86.4376130198915,80.37974683544303,96.60940325497288,67.2242314647378,83.4,VERY HIGH
2018-05-12 18:00:00,17.4928,78.639,2323.3,23.0,24.6,80.3,1000.8,47.1,210,27.2,36.708860759493675,26.446654611211574,75.27124773960216,37.56781193490054,42.5,MODERATE
2018-05-15 21:45:00,17.2707,78.238,3373.2,23.2,27.1,65.2,998.8,63.7,75,26.9,82.27848101265823,0.31645569620253167,74.45750452079565,37.07052441229657,55.3,MODERATE
2018-05-15 22:15:00,17.5184,78.5004,2621.5,14.5,28.0,87.4,998.7,45.3,160,35.3,53.25497287522604,58.45388788426763,93.85171790235081,63.33634719710669,64.4,HIGH
2018-05-15 22:45:00,17.4347,78.2532,3602.3,7.2,30.3,84.0,999.6,52.7,5,20.6,87.34177215189874,40.6871609403255,39.69258589511754,83.45388788426763,67.7,HIGH
2018-05-15 23:15:00,17.5504,78.5984,3102.3,33.7,27.7,78.3,996.7,53.6,345,22.9,75.49728752260397,21.925858951175407,53.6618444846293,12.61301989150091,47.8,MODERATE
2018-05-21 20:45:00,17.5161,78.3851,2310.9,27.2,27.7,90.2,1001.5,71.7,165,36.2,36.256781193490056,73.28209764918626,96.02169981916818,24.954792043399642,53.4,MODERATE
2018-05-21 21:15:00,17.3709,78.2781,2677.7,43.0,25.4,69.6,999.1,47.3,75,18.7,56.50994575045208,7.640144665461121,27.66726943942134,2.3056057866184476,30.1,MODERATE
2018-05-27 17:30:00,17.5429,78.2651,2861.8,14.9,30.9,75.5,1001.6,62.4,170,22.2,68.625678119349,17.67631103074141,48.508137432188065,62.0253164556962,53.1,MODERATE
2018-05-27 18:00:00,17.4637,78.248,2613.6,42.0,25.9,67.8,1001.3,47.0,325,23.4,52.7124773960217,5.15370705244123,57.27848101265823,3.7522603978300206,34.3,MODERATE
2018-06-03 15:45:00,17.3778,78.4352,2848.3,11.3,22.9,85.9,1002.6,44.3,260,14.9,67.63110307414105,50.45207956600362,11.12115732368897,71.65461121157324,53.7,MODERATE
2018-06-03 16:15:00,17.2745,78.4221,2563.8,10.2,24.6,85.3,1005.4,21.7,65,23.9,50.0,47.64918625678119,60.2622061482821,74.59312839059675,56.5,MODERATE
2018-06-03 16:45:00,17.4785,78.3135,2631.4,12.9,22.5,86.5,1000.7,36.6,285,15.3,54.33996383363472,53.34538878842676,12.567811934900542,67.8119349005425,48.5,MODERATE
2018-06-05 16:45:00,17.4228,78.3478,2452.0,0.4,21.8,91.6,1001.4,50.5,95,24.6,43.53526220614828,78.93309222423146,64.376130198915,99.00542495479205,65.9,HIGH
2018-06-05 17:15:00,17.4217,78.2621,2426.7,15.1,25.7,89.8,999.5,40.7,60,14.4,41.952983725135624,71.65461121157324,9.22242314647378,61.21157323688969,45.2,MODERATE
2018-06-05 17:45:00,17.3336,78.5093,1525.7,19.3,25.7,91.4,1000.7,21.0,260,13.7,4.159132007233273,78.0741410488246,5.741410488245932,47.42314647377939,27.9,LOW
2018-06-05 18:15:00,17.5558,78.3241,2502.5,26.0,24.4,92.7,1006.2,28.3,190,16.2,46.835443037974684,82.23327305605787,16.365280289330922,27.848101265822788,44.0,MODERATE
2018-06-16 21:00:00,17.5688,78.4024,2784.9,16.3,23.0,93.2,1004.6,51.7,145,15.7,63.20072332730561,83.99638336347198,14.285714285714285,57.09764918625678,56.4,MODERATE
2018-06-16 21:30:00,17.303,78.2306,2899.2,24.1,25.8,90.2,1001.0,24.8,180,16.0,70.79566003616637,73.28209764918626,15.687160940325498,33.95117540687161,52.9,MODERATE
2018-06-16 22:00:00,17.5009,78.4779,1516.2,0.5,22.1,88.6,1007.3,40.4,135,23.2,3.887884267631103,65.05424954792043,55.19891500904159,98.77938517179024,45.4,MODERATE
2018-06-16 22:30:00,17.3794,78.2788,2713.9,23.5,22.4,90.2,1002.9,40.0,310,25.2,59.40325497287523,73.28209764918626,68.0379746835443,36.16636528028933,59.3,MODERATE
2018-06-25 19:00:00,17.3873,78.5908,2139.3,5.4,25.5,86.0,1002.9,22.4,95,20.7,25.85895117540687,51.03978300180832,40.370705244122966,88.15551537070525,46.3,MODERATE
2018-06-25 19:30:00,17.4382,78.2818,1589.2,15.9,23.0,82.3,1005.2,21.0,245,20.3,5.424954792043399,31.193490054249544,37.839059674502714,58.81555153707052,27.7,LOW
2018-06-25 20:00:00,17.5758,78.516,2046.5,8.6,24.8,82.8,998.9,21.1,275,19.0,22.33273056057866,34.267631103074145,30.74141048824593,79.43037974683544,37.8,MODERATE
2018-07-23 17:00:00,17.4348,78.5193,1785.4,24.0,25.0,90.1,998.6,49.3,110,20.6,12.929475587703434,72.92043399638337,39.69258589511754,34.40325497287523,34.6,MODERATE
2018-07-23 17:30:00,17.5561,78.6498,1714.0,1.2,25.6,95.2,1007.7,48.5,135,20.4,9.041591320072333,91.00361663652802,38.5623869801085,97.46835443037975,49.0,MODERATE
2018-08-06 20:30:00,17.5699,78.5288,2513.0,0.9,22.2,92.1,1007.0,40.0,320,13.9,47.64918625678119,80.96745027124774,6.826401446654612,98.14647377938516,56.2,MODERATE
2018-08-06 21:00:00,17.3913,78.6659,2009.7,23.2,24.2,96.4,1007.1,22.8,325,25.1,20.88607594936709,95.02712477396021,67.2242314647378,37.07052441229657,48.2,MODERATE
2018-08-06 21:30:00,17.3299,78.6004,2675.2,8.7,26.7,82.8,999.5,37.2,225,20.1,56.32911392405063,34.267631103074145,36.844484629294755,79.15913200723328,52.6,MODERATE
2018-08-14 19:15:00,17.4179,78.6603,2355.6,27.0,24.0,84.4,1007.3,34.7,270,14.5,38.06509945750452,42.58589511754069,9.629294755877034,25.497287522603973,30.8,MODERATE
2018-08-14 19:45:00,17.3359,78.3047,2009.5,27.8,25.4,88.7,1003.2,22.7,345,25.8,20.795660036166367,65.64195298372513,71.06690777576854,23.14647377938517,40.3,MODERATE
2018-08-14 20:15:00,17.3785,78.5201,2472.3,12.9,23.2,97.4,1007.6,29.3,0,18.7,45.11754068716094,97.55877034358048,27.66726943942134,67.8119349005425,56.7,MODERATE
2018-09-01 20:15:00,17.2791,78.5327,1830.2,16.8,23.0,87.6,1007.2,26.6,165,24.2,14.737793851717903,60.08137432188065,61.88969258589512,55.4249547920434,41.4,MODERATE
2018-09-01 20:45:00,17.5141,78.4635,1749.4,25.4,25.5,97.7,999.6,27.2,325,15.0,11.12115732368897,98.86980108499095,11.39240506329114,29.792043399638334,32.5,MODERATE
2018-09-01 21:15:00,17.5636,78.5408,2761.6,21.9,25.5,83.3,1001.6,47.5,345,15.3,62.47739602169982,37.070524412296564,12.567811934900542,40.05424954792043,42.9,MODERATE
2018-09-01 21:45:00,17.2708,78.2636,1775.5,20.1,26.4,89.4,1004.1,26.0,180,23.3,12.47739602169982,69.62025316455697,56.23869801084991,45.84086799276673,39.3,MODERATE
2018-09-25 19:45:00,17.3489,78.6325,1593.4,21.6,22.1,92.0,1001.6,45.2,310,15.3,5.877034358047016,80.74141048824593,12.567811934900542,40.9132007233273,29.2,LOW
2018-09-25 20:15:00,17.3524,78.3765,2544.7,24.1,23.6,88.7,998.4,29.3,140,18.3,49.23146473779385,65.64195298372513,25.135623869801083,33.95117540687161,44.6,MODERATE
2018-09-25 20:45:00,17.5017,78.2776,2159.2,24.4,26.6,90.2,1007.5,37.1,90,17.5,26.94394213381555,73.28209764918626,20.70524412296564,32.77576853526221,36.1,MODERATE
2018-09-27 14:30:00,17.4049,78.2942,1553.7,16.1,22.0,86.8,1005.4,50.9,265,22.1,4.61121157323689,54.4755877034358,47.830018083182644,58.00180831826401,33.9,MODERATE
2018-09-27 15:00:00,17.5354,78.6355,1925.3,2.5,25.5,87.0,1005.8,34.2,240,18.8,18.17359855334539,55.56057866184448,28.84267631103074,94.3490054249548,43.0,MODERATE
2018-09-28 19:30:00,17.2945,78.4868,2154.2,4.3,23.9,87.3,1003.2,38.7,150,12.1,26.67269439421338,57.82097649186257,0.31645569620253167,91.18444846292948,40.5,MODERATE
2018-09-28 20:00:00,17.3808,78.2532,2532.4,28.7,22.8,87.2,999.8,38.5,175,14.2,48.372513562386985,57.09764918625678,8.1374321880651,21.02169981916817,36.6,MODERATE
2018-10-08 21:15:00,17.4921,78.5195,1939.7,12.2,26.8,83.8,1000.7,35.8,240,23.7,18.71609403254973,39.46654611211573,59.17721518987342,69.66546112115732,41.1,MODERATE
2018-10-08 21:45:00,17.3533,78.2592,2459.0,7.1,23.6,89.1,1006.9,33.2,350,14.0,44.12296564195298,67.58589511754069,7.323688969258589,83.63471971066907,49.4,MODERATE
2019-03-13 17:00:00,17.3619,78.5463,2695.9,9.0,22.6,83.9,1004.2,34.2,135,14.6,57.77576853526221,40.23508137432188,10.08137432188065,78.0741410488246,48.8,MODERATE
2019-03-13 17:30:00,17.3961,78.4453,1951.6,3.0,23.2,92.6,1004.7,29.2,285,18.4,19.168173598553345,81.8264014466546,25.723327305605785,93.67088607594937,47.9,MODERATE
2019-04-06 15:15:00,17.3295,78.4001,3203.4,34.0,23.9,76.0,999.4,56.6,175,34.4,77.75768535262206,18.535262206148282,91.95298372513562,12.0253164556962,55.6,MODERATE
2019-04-06 15:45:00,17.356,78.2616,2891.3,34.7,26.5,87.1,999.9,72.2,275,37.0,70.34358047016275,56.19349005424955,98.01084990958408,11.166365280289325,61.2,HIGH
2019-04-06 19:45:00,17.401,78.407,3579.6,29.1,23.9,78.7,1001.6,74.7,350,30.6,87.0253164556962,22.875226039783,83.04701627486438,19.801084990958408,60.0,MODERATE
2019-04-06 20:15:00,17.2901,78.6483,4115.5,8.1,27.3,73.2,998.5,42.2,135,29.6,97.83001808318264,13.652802893309223,80.74141048824593,80.83182640144666,74.2,HIGH
2019-04-06 20:45:00,17.3493,78.4261,3665.7,18.5,25.6,72.7,999.3,42.2,135,27.7,89.05967450271248,12.74864376130199,76.62748643761303,49.90958408679928,63.5,HIGH
2019-04-07 21:30:00,17.3244,78.5008,3320.0,34.6,29.5,68.5,995.2,62.6,55,24.0,80.83182640144665,5.877034358047016,60.8499095840868,11.4376130198915,48.0,MODERATE
2019-04-07 22:00:00,17.4443,78.4155,2927.2,13.7,28.4,91.2,996.6,58.9,270,26.5,71.79023508137432,77.35081374321881,73.68896925858951,65.41591320072332,72.0,HIGH
2019-04-14 21:15:00,17.368,78.6817,2469.5,17.6,26.9,77.9,999.2,42.0,345,20.9,44.75587703435805,20.88607594936709,41.41048824593128,53.254972875226045,41.0,MODERATE
2019-04-14 21:45:00,17.4544,78.4872,3172.8,25.2,24.4,86.9,999.9,40.2,35,33.3,76.76311030741411,55.01808318264014,89.46654611211574,30.334538878842675,65.7,HIGH
2019-04-14 22:15:00,17.3496,78.5677,3471.9,40.0,23.7,89.7,997.6,54.6,150,26.8,84.17721518987342,71.3381555153707,74.27667269439421,5.515370705244127,63.9,HIGH
2019-04-24 21:15:00,17.4045,78.5139,3739.9,9.2,30.7,89.0,997.4,67.9,70,28.4,90.14466546112115,67.08860759493672,78.25497287522603,77.62206148282098,80.7,VERY HIGH
2019-04-24 21:45:00,17.4931,78.3616,3674.1,7.8,29.9,78.5,998.9,59.4,290,30.5,89.24050632911393,22.423146473779383,82.82097649186257,82.23327305605787,73.2,HIGH
2019-04-24 22:15:00,17.4091,78.3499,2683.5,24.3,30.1,75.2,1001.7,38.9,135,27.5,56.69077757685352,17.224231464737795,76.03978300180832,33.18264014466546,48.0,MODERATE
2019-05-02 21:15:00,17.3927,78.6587,2378.0,25.5,30.3,89.4,996.4,49.7,210,30.4,38.65280289330922,69.62025316455697,82.3236889692586,29.52079566003617,51.8,MODERATE
2019-05-02 21:45:00,17.5662,78.651,2533.9,9.8,23.7,89.6,996.7,51.7,300,27.0,48.4629294755877,70.84086799276673,74.77396021699819,75.72332730560578,63.7,HIGH
2019-05-05 14:00:00,17.2911,78.476,3908.9,5.2,30.5,67.9,1002.6,54.3,200,31.2,93.30922242314648,5.334538878842676,84.17721518987342,88.96925858951175,73.0,HIGH
2019-05-05 14:30:00,17.5454,78.658,2967.1,24.7,30.2,86.8,995.0,47.8,310,26.4,72.69439421338156,54.4755877034358,73.4629294755877,31.916817359855333,61.0,HIGH
2019-05-05 20:00:00,17.5318,78.6569,4099.7,27.2,25.7,91.0,999.9,37.6,10,30.9,97.46835443037975,76.62748643761303,83.499095840868,24.954792043399642,76.0,HIGH
2019-05-05 20:30:00,17.3168,78.4538,2928.2,30.6,24.0,76.6,997.5,70.5,95,18.8,71.88065099457505,19.575045207956602,28.84267631103074,16.455696202531644,41.7,MODERATE
2019-05-05 21:00:00,17.3471,78.5583,3160.0,21.1,24.2,76.9,1001.9,45.6,115,18.1,76.31103074141049,19.936708860759495,23.915009041591322,43.3996383363472,48.0,MODERATE
2019-05-13 21:15:00,17.2814,78.3493,3951.5,35.1,23.1,79.0,999.8,51.0,140,23.9,94.48462929475588,23.462929475587703,60.2622061482821,10.623869801084995,56.7,MODERATE
2019-05-13 21:45:00,17.4354,78.2624,3780.3,13.7,28.4,86.7,1000.1,64.6,275,31.2,91.13924050632912,54.15913200723327,84.17721518987342,65.41591320072332,77.2,HIGH
2019-05-13 22:15:00,17.4559,78.4053,2809.0,6.0,23.0,71.1,998.7,69.1,260,34.0,64.46654611211574,10.171790235081374,91.36528028933093,86.16636528028934,63.3,HIGH
2019-05-15 17:45:00,17.2714,78.4211,2510.0,31.6,28.7,69.8,1003.0,52.7,285,20.9,47.46835443037975,8.1374321880651,41.41048824593128,15.23508137432188,31.9,MODERATE
2019-05-15 18:15:00,17.3029,78.4919,3923.7,24.1,31.0,83.3,995.7,74.7,105,26.2,93.49005424954791,37.070524412296564,72.73960216998192,33.95117540687161,66.1,HIGH
2019-05-15 18:45:00,17.4276,78.4999,2548.4,43.5,24.4,69.8,1003.2,53.6,250,19.3,49.36708860759494,8.1374321880651,32.730560578661844,1.446654611211573,28.2,LOW
2019-05-19 17:45:00,17.2984,78.3359,3617.8,37.9,29.9,76.2,995.8,52.5,340,22.6,87.88426763110307,19.168173598553345,51.13019891500904,8.047016274864372,50.8,MODERATE
2019-05-19 18:15:00,17.4501,78.6381,3977.7,34.8,23.3,80.5,1002.1,35.7,325,29.0,95.29837251356238,26.853526220614825,79.65641952983725,11.030741410488243,61.6,HIGH
2019-05-25 16:45:00,17.3144,78.6592,2966.1,34.2,23.2,70.5,999.4,70.1,90,28.5,72.60397830018083,9.312839059674504,78.48101265822784,11.84448462929476,49.0,MODERATE
2019-05-25 17:15:00,17.417,78.4551,2439.5,37.1,25.0,89.3,1003.2,72.7,215,28.4,42.76672694394213,69.07775768535262,78.25497287522603,8.679927667269439,48.3,MODERATE
2019-06-01 14:45:00,17.3133,78.5569,2860.0,23.7,22.8,96.5,998.9,35.0,290,24.4,68.35443037974683,95.5244122965642,63.11030741410488,35.30741410488246,66.1,HIGH
2019-06-01 15:15:00,17.4766,78.5531,2834.0,15.9,23.7,97.3,1004.4,29.5,220,13.8,66.72694394213381,97.46835443037975,6.283905967450271,58.81555153707052,59.2,MODERATE
2019-06-01 15:45:00,17.4714,78.4461,1698.4,18.1,21.8,88.6,1003.5,34.0,255,22.5,8.860759493670885,65.05424954792043,50.31645569620253,51.35623869801085,36.9,MODERATE
2019-06-20 14:15:00,17.3634,78.6251,2450.7,12.1,21.9,93.7,1004.2,20.1,45,12.1,43.30922242314648,86.21157323688969,0.31645569620253167,69.98191681735986,48.6,MODERATE
2019-06-20 14:45:00,17.3479,78.5224,2081.3,25.9,26.5,97.9,999.5,47.6,100,15.7,23.960216998191683,99.68354430379746,14.285714285714285,28.300180831826406,38.0,MODERATE
2019-06-20 15:30:00,17.3206,78.3521,2163.7,4.4,24.9,91.1,1005.1,50.0,60,24.8,27.034358047016276,76.98915009041592,65.77757685352623,90.95840867992767,57.6,MODERATE
2019-06-20 16:00:00,17.3085,78.3683,2742.6,29.2,26.2,83.8,1007.5,33.5,45,12.1,61.48282097649186,39.46654611211573,0.31645569620253167,19.34900542495479,36.4,MODERATE
2019-06-20 16:30:00,17.4355,78.385,2110.2,18.4,26.3,92.6,1002.3,46.2,350,24.7,24.77396021699819,81.8264014466546,65.14466546112115,50.45207956600362,49.4,MODERATE
2019-06-20 20:30:00,17.2767,78.3417,2722.2,12.5,25.5,96.7,1002.1,26.1,275,19.2,59.94575045207957,96.15732368896926,32.09764918625678,68.89692585895118,63.4,HIGH
2019-06-20 21:00:00,17.3638,78.3797,1416.2,21.0,22.1,94.4,1002.9,45.1,160,20.2,0.5424954792043399,88.20072332730561,37.29656419529837,43.76130198915009,34.1,MODERATE
2019-06-20 21:30:00,17.2897,78.3572,1886.8,28.4,23.1,89.4,1004.7,25.2,280,18.8,16.817359855334537,69.62025316455697,28.84267631103074,21.42857142857143,30.7,MODERATE
2019-06-20 22:00:00,17.3288,78.683,2504.4,23.2,25.1,89.5,1003.7,21.5,70,20.7,47.01627486437613,70.29837251356238,40.370705244122966,37.07052441229657,48.4,MODERATE
2019-06-22 21:00:00,17.3278,78.4764,2802.2,25.0,26.1,86.9,1002.3,35.1,235,14.2,64.10488245931283,55.01808318264014,8.1374321880651,30.78661844484629,44.4,MODERATE
2019-06-22 21:30:00,17.5312,78.599,1923.1,20.8,22.4,96.3,1002.0,34.6,320,21.9,17.99276672694394,94.52983725135624,46.65461121157324,44.25858951175407,44.3,MODERATE
2019-06-22 22:00:00,17.28,78.315,2646.9,23.0,23.4,88.0,1003.3,20.0,95,15.4,55.06329113924051,61.79927667269439,13.110307414104883,37.56781193490054,44.5,MODERATE
2019-06-22 22:30:00,17.3446,78.236,1650.1,18.2,25.4,82.3,998.4,48.9,315,13.0,7.142857142857142,31.193490054249544,2.938517179023508,50.858951175406865,19.9,LOW
2019-07-27 21:30:00,17.4958,78.4255,1900.6,9.5,25.8,82.8,998.1,45.5,180,18.7,17.359855334538878,34.267631103074145,27.66726943942134,76.5370705244123,34.6,MODERATE
2019-07-27 22:00:00,17.2849,78.4759,2803.6,17.9,26.0,94.8,1007.3,44.6,5,22.5,64.19529837251356,89.5117540687161,50.31645569620253,52.124773960217,64.1,HIGH
2019-08-16 19:00:00,17.4531,78.2446,2146.3,4.6,22.5,87.8,1002.3,39.9,320,13.0,26.31103074141049,60.89511754068716,2.938517179023508,90.6871609403255,41.4,MODERATE
2019-08-16 19:30:00,17.2859,78.6539,2711.6,17.1,21.5,86.1,1002.1,34.7,90,16.2,59.17721518987342,51.40144665461121,16.365280289330922,54.52079566003616,48.1,MODERATE
2019-08-16 20:00:00,17.2737,78.5306,2327.9,9.3,22.0,83.5,1007.2,42.1,215,13.8,36.88969258589512,37.9746835443038,6.283905967450271,77.21518987341773,39.1,MODERATE
2019-08-16 20:30:00,17.3634,78.3765,2657.5,19.6,23.0,97.5,1001.2,51.9,265,25.9,55.33453887884268,97.96564195298373,71.79023508137432,47.061482820976494,65.5,HIGH
2019-08-21 16:45:00,17.4395,78.5268,1420.3,4.9,26.9,83.2,1004.8,25.6,285,22.0,0.9041591320072333,36.4376130198915,47.151898734177216,89.87341772151899,35.1,MODERATE
2019-08-21 17:15:00,17.3401,78.3532,2382.2,11.7,22.6,93.7,999.5,47.4,75,19.2,38.87884267631103,86.21157323688969,32.09764918625678,70.84086799276672,53.4,MODERATE
2019-08-21 17:45:00,17.4818,78.4684,1847.1,12.7,23.1,86.2,999.6,31.6,30,15.5,15.551537070524413,51.80831826401446,13.381555153707053,68.58047016274864,33.0,MODERATE
2019-08-21 18:15:00,17.2955,78.4277,1662.2,29.6,24.6,93.0,1001.3,23.0,160,25.7,7.59493670886076,83.45388788426763,70.29837251356238,18.58047016274864,37.5,MODERATE
2019-08-24 14:45:00,17.4489,78.2682,2074.7,22.7,25.9,89.9,1006.9,28.6,45,17.7,23.688969258589513,72.15189873417721,21.47377938517179,38.51717902350814,35.9,MODERATE
2019-08-24 15:15:00,17.3264,78.6406,2046.4,5.9,23.9,88.5,1002.3,38.7,350,19.3,22.24231464737794,64.28571428571429,32.730560578661844,86.48282097649187,45.6,MODERATE
2019-08-24 15:45:00,17.3667,78.2911,1844.3,17.2,23.9,87.5,1005.5,48.6,55,22.6,15.099457504520796,59.26763110307414,51.13019891500904,54.29475587703436,39.0,MODERATE
2019-08-24 16:15:00,17.4973,78.2989,1595.5,10.4,25.9,85.9,998.6,24.2,115,24.0,5.967450271247739,50.45207956600362,60.8499095840868,73.68896925858951,39.4,MODERATE
2019-09-04 15:45:00,17.5222,78.2546,2120.2,16.1,22.4,87.2,1002.4,46.7,50,25.0,25.49728752260398,57.09764918625678,66.59132007233272,58.00180831826401,46.5,MODERATE
2019-09-04 16:15:00,17.3668,78.4837,1475.8,1.3,25.5,89.1,1000.6,26.1,275,21.4,2.576853526220615,67.58589511754069,44.07775768535262,97.15189873417721,42.8,MODERATE
2019-09-04 16:45:00,17.4974,78.2656,1472.8,13.4,24.0,96.3,999.3,23.9,205,14.1,2.2603978300180834,94.52983725135624,7.685352622061482,66.18444846292948,34.6,MODERATE
2019-09-04 17:15:00,17.4005,78.6326,1852.2,2.8,25.7,91.7,1003.7,21.7,160,14.0,16.00361663652803,79.56600361663652,7.323688969258589,93.85171790235081,42.5,MODERATE
2019-09-19 21:45:00,17.503,78.582,1934.4,8.2,25.9,88.0,1007.0,22.2,95,12.8,18.44484629294756,61.79927667269439,2.4412296564195297,80.47016274864376,36.3,MODERATE
2019-09-19 22:15:00,17.3343,78.3635,1659.1,11.4,26.5,91.8,1002.1,49.9,255,12.7,7.504520795660036,80.01808318264014,2.0795660036166366,71.51898734177216,33.7,MODERATE
2019-09-19 22:45:00,17.4423,78.5129,1459.3,12.1,25.1,93.2,1004.4,30.3,285,13.3,1.8083182640144666,83.99638336347198,3.9783001808318263,69.98191681735986,32.3,MODERATE
2019-09-19 23:15:00,17.3077,78.6661,2112.8,9.5,25.7,90.0,1001.1,46.0,70,24.1,24.95479204339964,72.69439421338156,61.25678119349005,76.5370705244123,52.1,MODERATE
2019-09-22 21:15:00,17.4044,78.6667,1769.0,16.0,24.2,93.2,998.7,26.2,285,15.0,12.025316455696203,83.99638336347198,11.39240506329114,58.45388788426763,35.6,MODERATE
2019-09-22 21:45:00,17.3408,78.274,2264.2,16.6,22.5,82.9,998.8,51.8,15,23.0,33.273056057866185,34.719710669077756,54.06871609403255,56.148282097649194,42.3,MODERATE
2019-09-22 22:15:00,17.3507,78.5307,2200.4,28.3,23.7,93.1,1002.9,36.4,105,15.7,28.390596745027125,83.67992766726944,14.285714285714285,21.880650994575046,35.3,MODERATE
2019-09-28 19:00:00,17.5675,78.4799,2239.7,15.6,24.9,86.2,1000.9,36.4,250,23.3,31.329113924050635,51.80831826401446,56.23869801084991,59.6745027124774,46.1,MODERATE
2019-09-28 19:30:00,17.3565,78.5688,2080.1,29.7,21.8,87.7,1002.8,36.1,300,16.4,23.869801084990957,60.53345388788427,17.224231464737795,18.399638336347202,28.8,LOW
2019-09-28 20:00:00,17.3912,78.588,2811.8,25.9,24.6,88.6,1001.3,24.0,20,13.5,64.91862567811934,65.05424954792043,5.018083182640145,28.300180831826406,45.6,MODERATE
2019-09-28 20:30:00,17.412,78.3606,2842.4,9.4,22.0,90.4,998.6,23.5,300,15.1,67.2242314647378,74.23146473779386,11.799276672694395,76.94394213381554,59.5,MODERATE
2020-04-01 14:45:00,17.4776,78.2848,2427.5,21.4,28.2,84.2,996.6,38.2,175,36.8,42.08860759493671,41.8625678119349,97.51356238698011,41.90777576853526,53.1,MODERATE
2020-04-01 15:15:00,17.4631,78.2776,3457.1,8.8,23.8,84.7,997.9,74.1,160,18.7,83.90596745027125,44.34900542495479,27.66726943942134,78.79746835443038,63.7,HIGH
2020-04-03 20:45:00,17.4391,78.5701,3198.5,15.9,24.4,81.8,1001.5,57.8,90,32.8,77.57685352622062,29.204339963833636,88.29113924050634,58.81555153707052,66.3,HIGH
2020-04-03 21:15:00,17.5398,78.4976,2453.7,23.5,29.8,89.2,997.4,63.5,65,20.0,43.76130198915009,68.3996383363472,36.34719710669078,36.16636528028933,45.7,MODERATE
2020-04-03 21:45:00,17.482,78.5961,2880.4,5.3,26.8,65.4,995.8,48.1,225,26.7,69.8010849909584,0.6329113924050633,74.0506329113924,88.51717902350813,60.6,HIGH
2020-04-03 22:15:00,17.4058,78.2622,4108.3,13.9,30.4,76.5,1003.9,57.2,195,36.6,97.64918625678119,19.394213381555154,96.9258589511754,65.00904159132007,75.3,HIGH
2020-04-07 21:30:00,17.3047,78.3324,3200.4,38.6,28.6,86.3,998.2,51.2,5,25.9,77.66726943942133,52.48643761301989,71.79023508137432,7.097649186256783,57.3,MODERATE
2020-04-07 22:00:00,17.5057,78.4217,3696.8,43.5,26.7,71.4,1003.5,59.1,125,20.1,89.69258589511753,10.443037974683545,36.844484629294755,1.446654611211573,45.6,MODERATE
2020-04-09 17:15:00,17.3134,78.2626,3824.6,35.1,29.0,84.3,1001.0,54.1,30,30.8,92.2242314647378,42.269439421338156,83.31826401446655,10.623869801084995,64.1,HIGH
2020-04-09 17:45:00,17.4917,78.6173,2798.0,17.7,28.4,65.8,1001.5,68.4,155,26.3,63.92405063291139,1.5822784810126582,73.14647377938516,52.89330922242315,51.1,MODERATE
2020-04-09 18:15:00,17.4409,78.6362,3255.6,25.7,27.6,85.2,1003.7,37.9,10,19.1,78.93309222423146,47.061482820976494,31.55515370705244,28.93309222423146,53.1,MODERATE
2020-04-10 21:45:00,17.3369,78.6592,3176.2,30.2,28.9,75.0,1001.5,62.0,215,32.1,76.85352622061484,16.998191681735985,86.34719710669077,17.179023508137437,54.8,MODERATE
2020-04-10 22:15:00,17.4759,78.4215,3661.4,25.9,23.6,70.2,1002.6,64.0,320,35.9,88.83363471971067,8.7251356238698,95.29837251356238,28.300180831826406,62.0,HIGH
2020-04-10 22:45:00,17.573,78.3254,2223.6,44.9,25.2,83.0,996.6,58.2,85,36.1,29.746835443037973,35.081374321880645,95.84086799276673,0.1808318264014508,38.1,MODERATE
2020-04-28 20:45:00,17.3904,78.3843,3339.0,39.4,23.6,67.0,1002.7,43.5,255,31.4,81.50994575045209,3.752260397830018,84.67450271247739,6.509945750452085,51.6,MODERATE
2020-04-28 21:15:00,17.424,78.6772,2752.5,36.7,24.8,83.4,997.3,70.3,355,29.2,61.93490054249548,37.613019891500905,80.0632911392405,9.041591320072328,50.1,MODERATE
2020-04-28 21:45:00,17.5258,78.6882,2245.1,9.5,27.9,87.2,997.6,44.6,10,33.7,32.09764918625678,57.09764918625678,90.50632911392405,76.5370705244123,57.7,MODERATE
2020-04-28 22:15:00,17.368,78.5616,3515.6,43.4,30.4,86.3,1001.5,46.0,5,34.9,85.35262206148282,52.48643761301989,93.12839059674502,1.717902350813738,63.6,HIGH
2020-05-04 20:00:00,17.3002,78.5612,3574.6,8.8,30.4,80.3,998.3,65.3,150,23.1,86.88969258589512,26.446654611211574,54.56600361663653,78.79746835443038,66.7,HIGH
2020-05-04 20:30:00,17.2802,78.6162,3096.3,30.5,24.8,83.3,1002.0,53.9,45,30.4,75.31645569620254,37.070524412296564,82.3236889692586,16.726943942133822,57.4,MODERATE
2020-05-04 21:00:00,17.4907,78.324,2699.7,18.5,27.7,77.3,1001.7,43.5,355,18.2,58.1374321880651,20.34358047016275,24.593128390596743,49.90958408679928,42.2,MODERATE
2020-05-10 18:15:00,17.5641,78.5069,3319.0,5.6,23.6,80.6,1003.4,69.7,245,37.7,80.74141048824593,27.124773960217,99.50271247739603,87.56781193490055,75.1,HIGH
2020-05-10 18:45:00,17.355,78.4033,2405.9,33.8,27.0,84.1,997.2,48.0,350,24.7,40.3254972875226,41.274864376130196,65.14466546112115,12.296564195298377,39.9,MODERATE
2020-05-10 19:15:00,17.4989,78.4306,4065.3,30.3,25.3,82.2,997.6,46.7,225,26.0,96.83544303797468,30.37974683544304,72.33273056057867,17.043399638336343,62.7,HIGH
2020-05-15 17:45:00,17.4207,78.4231,3021.0,14.3,24.1,70.3,995.5,42.9,215,18.2,73.64376130198916,8.905967450271248,24.593128390596743,63.833634719710666,48.9,MODERATE
2020-05-15 18:15:00,17.3919,78.4017,2565.9,22.2,30.9,73.0,1000.4,66.1,195,33.0,50.18083182640145,13.381555153707053,88.87884267631104,39.7377938517179,48.5,MODERATE
2020-05-15 18:45:00,17.5428,78.4759,3287.2,31.2,26.1,82.5,995.4,37.2,80,27.1,79.83725135623871,32.594936708860764,75.04520795660035,15.77757685352622,56.6,MODERATE
2020-05-15 19:15:00,17.4259,78.4892,3188.3,34.3,26.1,90.5,999.3,57.8,130,34.5,77.124773960217,74.59312839059675,92.17902350813743,11.754068716094036,66.6,HIGH
2020-05-24 17:45:00,17.4622,78.4363,2577.3,25.3,27.2,86.9,1001.6,61.6,160,20.3,50.54249547920434,55.01808318264014,37.839059674502714,30.018083182640144,44.8,MODERATE
2020-05-24 18:15:00,17.3581,78.41,2884.0,38.3,25.2,84.8,995.8,73.1,160,30.4,70.16274864376129,44.98191681735986,82.3236889692586,7.459312839059673,55.0,MODERATE
2020-05-28 20:15:00,17.2799,78.6344,2829.9,10.2,26.7,81.2,995.3,46.0,125,18.7,66.36528028933093,28.07414104882459,27.66726943942134,74.59312839059675,52.6,MODERATE
2020-05-28 20:45:00,17.5562,78.3368,2368.8,15.4,23.2,66.0,1003.2,49.1,200,26.2,38.33634719710669,2.1699819168173597,72.73960216998192,60.35262206148282,42.4,MODERATE
2020-05-28 21:15:00,17.4934,78.5561,2600.7,13.4,28.5,70.9,998.9,66.3,170,33.7,51.89873417721519,9.990958408679926,90.50632911392405,66.18444846292948,54.1,MODERATE
2020-05-28 21:45:00,17.3597,78.5333,2474.0,32.5,30.3,81.4,1000.0,73.4,250,30.5,45.34358047016275,28.34538878842676,82.82097649186257,13.924050632911388,43.2,MODERATE
2020-06-07 19:30:00,17.3845,78.5952,2711.6,25.5,25.8,86.3,1006.1,37.1,320,12.7,59.17721518987342,52.48643761301989,2.0795660036166366,29.52079566003617,40.5,MODERATE
2020-06-07 20:00:00,17.3506,78.2477,2457.6,13.5,22.1,93.3,998.3,47.8,120,13.9,43.942133815551536,84.49367088607595,6.826401446654612,65.86799276672694,49.0,MODERATE
2020-06-07 20:30:00,17.4854,78.6495,2378.7,23.2,23.5,84.9,1004.4,30.5,335,24.0,38.78842676311031,45.479204339963836,60.8499095840868,37.07052441229657,44.2,MODERATE
2020-06-17 18:15:00,17.3615,78.6539,1881.4,7.6,24.4,95.2,999.0,50.2,255,23.1,16.726943942133815,91.00361663652802,54.56600361663653,82.82097649186258,52.4,MODERATE
2020-06-17 18:45:00,17.4219,78.6303,1589.3,20.3,24.6,89.7,1002.9,43.1,265,25.1,5.5153707052441225,71.3381555153707,67.2242314647378,45.07233273056058,38.9,MODERATE
2020-06-17 19:15:00,17.2841,78.5452,2054.3,5.8,26.0,94.8,1002.9,29.6,25,20.9,22.694394213381557,89.5117540687161,41.41048824593128,86.84448462929475,52.6,MODERATE
2020-06-22 21:00:00,17.311,78.2732,2036.9,28.0,24.5,90.4,999.4,20.0,345,23.3,21.699819168173597,74.23146473779386,56.23869801084991,22.78481012658228,39.3,MODERATE
2020-06-22 21:30:00,17.4417,78.4671,2490.5,17.4,22.4,92.8,999.3,45.8,245,25.9,46.56419529837251,82.86618444846293,71.79023508137432,53.84267631103074,60.3,HIGH
2020-06-22 22:00:00,17.4526,78.3078,2512.5,9.1,25.1,84.5,1004.9,24.1,160,18.0,47.55877034358047,43.21880650994575,23.191681735985533,77.93851717902352,47.9,MODERATE
2020-06-23 16:30:00,17.4483,78.3946,2113.0,10.9,25.0,96.4,999.6,32.2,145,14.0,25.04520795660036,95.02712477396021,7.323688969258589,72.37793851717902,45.0,MODERATE
2020-06-23 17:00:00,17.5735,78.5933,2395.3,10.4,22.4,83.3,1004.9,45.1,325,23.6,39.87341772151899,37.070524412296564,58.49909584086799,73.68896925858951,49.8,MODERATE
2020-06-25 20:00:00,17.2998,78.4279,1744.9,15.5,22.9,97.0,1007.1,38.1,80,17.0,10.759493670886076,96.79023508137432,19.077757685352623,60.08137432188065,39.5,MODERATE
2020-06-25 20:30:00,17.4346,78.5589,2235.1,25.6,26.6,84.9,1002.4,32.6,15,17.7,30.831826401446655,45.479204339963836,21.47377938517179,29.204339963833636,31.6,MODERATE
2020-06-25 20:45:00,17.4604,78.3841,1716.8,9.4,22.5,96.4,1002.0,27.8,75,18.3,9.22242314647378,95.02712477396021,25.135623869801083,76.94394213381554,43.1,MODERATE
2020-06-25 21:00:00,17.279,78.4726,2392.8,6.2,26.5,95.4,1002.7,33.2,60,15.3,39.602169981916816,91.86256781193491,12.567811934900542,85.94032549728752,53.9,MODERATE
2020-06-25 21:15:00,17.2836,78.6563,2842.4,5.7,25.2,83.5,1005.3,31.1,275,21.5,67.2242314647378,37.9746835443038,44.66546112115732,87.20614828209764,60.9,HIGH
2020-06-25 21:30:00,17.2887,78.4433,2631.1,18.4,26.1,89.9,999.2,20.4,30,16.2,54.249547920434,72.15189873417721,16.365280289330922,50.45207956600362,49.5,MODERATE
2020-06-25 21:45:00,17.542,78.4321,2751.8,22.5,24.2,91.7,1001.3,51.5,110,21.3,61.84448462929476,79.56600361663652,43.53526220614828,39.24050632911392,57.2,MODERATE
2020-06-25 22:15:00,17.552,78.277,1593.1,16.7,26.4,97.6,998.5,31.4,240,15.0,5.786618444846293,98.4629294755877,11.39240506329114,55.83182640144666,35.5,MODERATE
2020-07-22 18:00:00,17.4471,78.4821,1729.0,12.9,25.1,93.6,998.0,50.0,75,14.3,9.674502712477397,85.75949367088607,8.7251356238698,67.8119349005425,36.3,MODERATE
2020-07-22 18:30:00,17.5146,78.4383,2405.8,9.6,23.6,97.9,1000.5,36.2,125,23.8,40.23508137432188,99.68354430379746,59.719710669077756,76.13019891500905,63.2,HIGH
2020-07-23 16:45:00,17.4191,78.6205,2459.1,14.7,22.9,96.2,1003.8,27.1,215,15.8,44.21338155515371,94.25858951175407,14.783001808318264,62.56781193490054,52.0,MODERATE
2020-07-23 17:15:00,17.2818,78.3717,1838.5,24.3,22.0,94.9,1004.7,43.4,30,18.1,15.009041591320072,90.14466546112115,23.915009041591322,33.18264014466546,35.5,MODERATE
2020-09-01 17:00:00,17.3472,78.4501,1950.9,27.4,23.5,88.0,1001.8,46.8,190,21.1,18.9873417721519,61.79927667269439,42.405063291139236,24.005424954792044,33.2,MODERATE
2020-09-01 17:30:00,17.3709,78.6063,1457.5,26.1,24.3,88.4,1003.0,41.4,10,12.2,1.7179023508137432,63.60759493670886,0.8589511754068716,27.396021699819173,19.1,LOW
2020-09-01 18:00:00,17.2973,78.2538,2488.2,2.4,25.4,86.0,1006.8,46.0,300,25.4,46.292947558770344,51.03978300180832,69.16817359855335,94.62025316455697,61.5,HIGH
2020-09-20 17:15:00,17.3203,78.6744,1422.3,14.4,23.3,89.2,1003.7,33.9,125,17.8,0.9945750452079566,68.3996383363472,22.106690777576855,63.607594936708864,31.2,MODERATE
2020-09-20 17:45:00,17.2893,78.3817,1823.7,16.7,25.5,90.5,1007.3,50.4,295,17.1,14.285714285714285,74.59312839059675,19.575045207956602,55.83182640144666,35.7,MODERATE
2020-09-20 18:15:00,17.3339,78.2775,2424.6,19.8,26.7,93.7,998.5,48.3,25,24.1,41.68173598553345,86.21157323688969,61.25678119349005,46.51898734177215,55.5,MODERATE
2020-09-20 18:45:00,17.3094,78.3766,2770.2,12.3,25.6,83.8,1000.5,45.8,355,22.7,62.74864376130199,39.46654611211573,51.94394213381555,69.39421338155516,57.3,MODERATE
2020-10-11 17:45:00,17.5644,78.4263,1696.2,18.8,25.3,84.0,1005.9,20.6,335,18.8,8.679927667269439,40.6871609403255,28.84267631103074,48.68896925858951,27.1,LOW
2020-10-11 18:15:00,17.3544,78.5662,1763.3,5.2,24.4,86.6,1004.3,23.8,120,21.2,11.799276672694395,53.84267631103074,43.037974683544306,88.96925858951175,41.9,MODERATE
2020-10-11 18:45:00,17.3721,78.2786,1793.5,25.2,21.7,90.3,1003.7,38.0,255,18.7,13.200723327305605,73.82459312839059,27.66726943942134,30.334538878842675,31.6,MODERATE
2020-10-11 19:15:00,17.4779,78.2581,1994.4,28.9,24.5,86.6,999.2,42.5,25,21.0,20.298372513562388,53.84267631103074,41.90777576853526,20.47920433996383,31.4,MODERATE
2021-03-10 18:00:00,17.425,78.4238,1997.1,0.8,23.3,97.6,1006.7,30.5,50,20.2,20.43399638336347,98.4629294755877,37.29656419529837,98.28209764918626,55.0,MODERATE
2021-03-10 18:30:00,17.3073,78.6457,2408.4,26.9,24.0,89.0,1005.8,23.0,55,19.3,40.50632911392405,67.08860759493672,32.730560578661844,25.813743218806508,41.3,MODERATE
2021-03-10 19:00:00,17.5237,78.6701,2447.4,6.2,21.6,89.7,1003.1,27.7,0,13.7,43.12839059674503,71.3381555153707,5.741410488245932,85.94032549728752,49.9,MODERATE
2021-03-16 20:15:00,17.2982,78.4302,2843.5,25.0,24.2,94.2,1006.3,31.1,140,24.5,67.45027124773961,87.70343580470163,63.69801084990958,30.78661844484629,63.4,HIGH
2021-03-16 20:45:00,17.2839,78.302,2619.0,4.0,22.8,89.3,1003.2,44.4,65,18.3,53.0741410488246,69.07775768535262,25.135623869801083,91.68173598553345,58.4,MODERATE
2021-03-16 21:15:00,17.4062,78.2578,2114.1,20.7,24.8,90.6,1002.7,29.4,115,15.9,25.22603978300181,75.22603978300181,15.23508137432188,44.52983725135624,37.1,MODERATE
2021-03-16 21:45:00,17.4453,78.4242,2172.4,5.1,25.1,95.6,1000.6,35.7,315,25.7,27.39602169981917,92.45027124773961,70.29837251356238,89.5117540687161,61.4,HIGH
2021-04-04 16:30:00,17.4726,78.4223,4130.8,32.4,29.3,72.9,995.7,54.5,200,24.3,98.28209764918626,13.155515370705245,62.56781193490054,14.059674502712483,57.3,MODERATE
2021-04-04 17:00:00,17.3874,78.3612,2737.2,39.4,23.6,83.3,996.6,48.8,125,19.2,60.80470162748644,37.070524412296564,32.09764918625678,6.509945750452085,39.5,MODERATE
2021-04-12 14:15:00,17.3924,78.3279,2911.9,16.4,24.4,85.1,997.3,53.2,350,25.7,71.15732368896926,46.65461121157324,70.29837251356238,56.55515370705244,63.2,HIGH
2021-04-12 14:45:00,17.416,78.4355,2441.6,22.0,25.3,69.3,997.5,44.3,315,32.7,42.94755877034358,6.826401446654612,87.88426763110307,39.87341772151899,44.1,MODERATE
2021-04-12 15:15:00,17.4582,78.5798,3161.4,42.3,28.7,85.2,996.8,66.1,265,34.6,76.40144665461122,47.061482820976494,92.45027124773961,3.4358047016274873,59.2,MODERATE
2021-04-12 15:45:00,17.5312,78.3352,2855.1,13.4,26.9,65.5,1001.0,55.9,125,36.0,67.99276672694394,0.949367088607595,95.56962025316456,66.18444846292948,59.7,MODERATE
2021-04-12 19:15:00,17.372,78.4219,3217.1,24.1,25.2,65.8,1000.4,50.8,270,24.0,78.20976491862568,1.5822784810126582,60.8499095840868,33.95117540687161,50.6,MODERATE
2021-04-12 19:45:00,17.2922,78.3081,2318.4,9.2,24.5,74.2,999.9,63.5,260,22.2,36.4376130198915,15.641952983725135,48.508137432188065,77.62206148282098,42.9,MODERATE
2021-04-12 20:15:00,17.3068,78.6456,3928.5,23.6,29.0,81.7,1002.2,52.3,15,33.7,93.7613019891501,28.887884267631105,90.50632911392405,35.75949367088608,68.5,HIGH
2021-04-12 20:45:00,17.5578,78.4533,3125.2,36.4,29.6,80.0,996.6,53.7,150,37.4,75.85895117540687,25.678119349005424,98.91500904159132,9.493670886075945,57.2,MODERATE
2021-04-13 14:45:00,17.5625,78.5826,4139.1,34.9,24.4,66.7,1000.2,49.3,235,23.5,98.4629294755877,3.209764918625678,57.91139240506329,10.89511754068716,53.8,MODERATE
2021-04-13 15:15:00,17.5627,78.4591,4063.1,28.3,27.3,77.3,996.9,35.1,185,22.8,96.56419529837251,20.34358047016275,52.84810126582279,21.880650994575046,57.6,MODERATE
2021-04-13 15:45:00,17.4292,78.3876,4194.3,35.9,29.1,90.8,1003.0,47.7,200,21.3,99.90958408679927,76.22061482820976,43.53526220614828,9.990958408679928,65.9,HIGH
2021-04-13 16:15:00,17.3142,78.4927,2707.3,14.1,23.1,68.5,997.8,39.7,155,37.7,58.81555153707052,5.877034358047016,99.50271247739603,64.46654611211574,57.5,MODERATE
2021-04-16 14:00:00,17.4875,78.2501,2732.5,24.9,26.4,70.2,998.0,64.1,305,31.4,60.397830018083184,8.7251356238698,84.67450271247739,31.23869801084991,49.1,MODERATE
2021-04-16 14:30:00,17.4982,78.2533,3285.9,15.4,27.7,72.1,1003.9,47.4,30,22.8,79.74683544303798,11.889692585895117,52.84810126582279,60.35262206148282,56.9,MODERATE
2021-04-16 15:00:00,17.5441,78.5224,3661.4,41.7,30.3,85.0,996.8,68.7,220,22.1,88.83363471971067,46.1121157323689,47.830018083182644,3.9783001808318286,55.1,MODERATE
2021-04-16 15:30:00,17.5457,78.3536,3807.1,44.8,25.0,76.8,999.7,46.8,215,18.3,91.95298372513562,19.755877034358047,25.135623869801083,0.3616636528028905,45.8,MODERATE
2021-04-24 21:30:00,17.2689,78.6584,2421.8,21.2,29.2,76.8,1003.5,53.7,30,35.5,41.32007233273056,19.755877034358047,94.2133815551537,42.85714285714286,47.9,MODERATE
2021-04-24 22:00:00,17.5023,78.2361,3315.6,20.2,27.1,80.2,997.8,46.8,285,32.7,80.56057866184449,26.220614828209765,87.88426763110307,45.43399638336347,64.1,HIGH
2021-04-24 22:30:00,17.5157,78.3041,2698.4,18.7,24.3,80.7,1003.8,65.5,255,26.5,57.95660036166366,27.305605786618447,73.68896925858951,49.0506329113924,53.2,MODERATE
2021-04-28 18:15:00,17.413,78.6341,3371.7,32.0,29.4,82.8,998.6,55.5,225,34.1,82.1880650994575,34.267631103074145,91.54611211573237,14.556962025316455,60.9,HIGH
2021-04-28 18:45:00,17.5285,78.2821,4138.7,43.4,25.9,66.8,996.5,74.7,310,29.3,98.37251356238697,3.390596745027125,80.33453887884268,1.717902350813738,56.4,MODERATE
2021-05-11 19:00:00,17.2761,78.3493,3276.1,41.3,29.8,78.2,995.3,56.4,75,32.1,79.4755877034358,21.564195298372514,86.34719710669077,4.430379746835444,54.3,MODERATE
2021-05-11 19:30:00,17.5679,78.3352,3745.7,18.6,24.1,88.2,997.8,61.4,35,29.3,90.32549728752261,62.83905967450272,80.33453887884268,49.4122965641953,74.6,HIGH
2021-05-19 18:30:00,17.5169,78.3101,3412.4,18.5,27.7,73.5,995.8,43.9,215,21.8,83.00180831826401,14.059674502712477,46.1121157323689,49.90958408679928,55.2,MODERATE
2021-05-19 19:00:00,17.2755,78.5937,2223.8,16.7,23.0,75.2,995.6,71.5,45,26.3,29.8372513562387,17.224231464737795,73.14647377938516,55.83182640144666,41.2,MODERATE
2021-05-20 17:15:00,17.3744,78.3486,3061.0,23.7,24.9,89.2,999.9,74.1,330,34.2,74.86437613019892,68.3996383363472,91.68173598553345,35.30741410488246,69.0,HIGH
2021-05-20 17:45:00,17.5597,78.4618,3974.2,19.3,26.0,76.3,999.9,57.1,180,27.9,95.07233273056059,19.258589511754067,77.03435804701627,47.42314647377939,66.8,HIGH
2021-05-21 15:00:00,17.4129,78.2422,3579.6,24.3,24.0,70.8,995.6,58.0,350,30.4,87.0253164556962,9.81012658227848,82.3236889692586,33.18264014466546,59.9,MODERATE
2021-05-21 15:30:00,17.3415,78.6144,3767.8,38.0,28.8,87.5,996.8,53.1,85,31.8,90.95840867992767,59.26763110307414,85.66907775768536,7.820976491862563,66.9,HIGH
2021-05-21 18:15:00,17.3566,78.3825,3053.1,10.6,23.2,88.5,1000.0,59.3,290,36.5,74.59312839059675,64.28571428571429,96.60940325497288,73.01084990958408,76.6,HIGH
2021-05-21 18:45:00,17.5104,78.2825,2920.3,43.7,30.4,88.9,999.1,69.3,235,19.0,71.51898734177216,66.45569620253164,30.74141048824593,1.0397830018083143,48.3,MODERATE
2021-05-21 19:15:00,17.3955,78.4519,2727.0,19.3,24.3,78.2,1002.1,61.5,35,20.2,60.21699819168174,21.564195298372514,37.29656419529837,47.42314647377939,45.3,MODERATE
2021-05-21 19:45:00,17.4048,78.5894,3560.1,30.4,30.3,65.5,1000.0,66.5,230,28.8,86.52802893309223,0.949367088607595,79.06871609403255,16.90777576853526,54.0,MODERATE
2021-05-22 21:15:00,17.4676,78.5741,4011.9,39.5,28.4,70.8,1000.7,55.2,235,32.3,95.93128390596745,9.81012658227848,86.70886075949366,6.193490054249551,58.9,MODERATE
2021-05-22 21:45:00,17.3994,78.6391,3890.5,26.0,28.5,88.9,999.5,47.5,150,33.1,93.21880650994575,66.45569620253164,89.10488245931283,27.848101265822788,74.0,HIGH
2021-05-23 18:15:00,17.325,78.2812,2883.1,43.6,27.1,81.9,998.2,47.9,0,18.5,69.98191681735986,29.430379746835445,26.265822784810126,1.220614828209765,39.4,MODERATE
2021-05-23 18:45:00,17.3166,78.5815,3185.3,18.6,24.2,79.9,1001.8,46.3,200,22.4,76.94394213381554,25.361663652802896,49.728752260397826,49.4122965641953,55.7,MODERATE
2021-05-23 19:15:00,17.2805,78.2855,2606.1,21.1,29.8,74.3,1000.9,63.4,175,29.7,52.07956600361664,15.822784810126583,81.10307414104882,43.3996383363472,48.9,MODERATE
2021-05-23 19:45:00,17.3647,78.4409,2673.6,30.1,25.4,91.1,1001.3,40.5,155,26.3,56.05786618444847,76.98915009041592,73.14647377938516,17.31464737793852,55.9,MODERATE
2021-06-23 19:15:00,17.3937,78.5461,1774.8,19.2,26.3,88.7,1007.1,51.8,305,13.5,12.206148282097649,65.64195298372513,5.018083182640145,47.83001808318264,28.6,LOW
2021-06-23 19:45:00,17.3895,78.6816,2538.5,15.3,25.0,83.6,1006.4,38.6,85,25.8,48.824593128390596,38.381555153707055,71.06690777576854,60.66907775768535,53.6,MODERATE
2021-07-13 18:15:00,17.4477,78.2572,2383.1,0.2,25.8,92.7,1001.1,29.4,240,23.2,38.96925858951175,82.23327305605787,55.19891500904159,99.45750452079565,63.0,HIGH
2021-07-13 18:45:00,17.3765,78.3668,2239.7,0.3,22.0,84.0,999.9,36.4,155,25.9,31.329113924050635,40.6871609403255,71.79023508137432,99.23146473779386,54.9,MODERATE
2021-07-15 21:00:00,17.5135,78.5013,1545.4,16.4,25.4,94.7,1004.3,24.9,275,21.9,4.3399638336347195,88.87884267631104,46.65461121157324,56.55515370705244,40.2,MODERATE
2021-07-15 21:30:00,17.2755,78.4188,1899.4,20.1,22.7,91.5,1007.1,45.5,85,24.9,17.269439421338156,78.39059674502712,66.22965641952983,45.84086799276673,45.0,MODERATE
2021-07-15 22:00:00,17.3309,78.3429,2894.1,3.1,22.5,84.1,1001.3,26.7,290,19.0,70.5244122965642,41.274864376130196,30.74141048824593,93.44484629294756,61.3,HIGH
2021-07-15 22:30:00,17.5016,78.2389,2625.3,0.4,25.1,87.8,1004.1,42.3,350,16.8,53.61663652802894,60.89511754068716,18.49005424954792,99.00542495479205,57.1,MODERATE
2021-09-16 20:00:00,17.3338,78.3197,2019.1,6.8,24.7,87.9,1002.5,37.2,75,14.8,21.428571428571427,61.39240506329114,10.804701627486438,84.44846292947558,39.9,MODERATE
2021-09-16 20:30:00,17.5616,78.4527,2860.7,0.2,26.4,96.9,1007.6,20.4,110,14.4,68.44484629294756,96.56419529837251,9.22242314647378,99.45750452079565,68.4,HIGH
2021-09-16 21:00:00,17.2758,78.2582,1731.6,15.4,24.5,82.5,999.7,36.0,135,20.3,10.08137432188065,32.594936708860764,37.839059674502714,60.35262206148282,30.2,MODERATE
2021-09-18 16:30:00,17.3006,78.2374,2607.0,4.1,25.8,94.8,1003.4,29.9,15,14.0,52.16998191681736,89.5117540687161,7.323688969258589,91.41048824593129,58.5,MODERATE
2021-09-18 17:00:00,17.4532,78.5313,1413.0,27.8,21.9,87.9,1002.0,20.0,125,19.0,0.18083182640144665,61.39240506329114,30.74141048824593,23.14647377938517,23.1,LOW
2021-10-18 21:45:00,17.5476,78.5617,2415.7,15.7,25.8,84.5,1001.9,35.7,115,13.5,40.86799276672694,43.21880650994575,5.018083182640145,59.26763110307414,37.8,MODERATE
2021-10-18 22:15:00,17.5551,78.5614,2548.6,2.7,24.3,85.7,999.8,45.9,195,13.9,49.54792043399638,49.502712477396024,6.826401446654612,93.9873417721519,49.9,MODERATE
2022-03-17 14:15:00,17.4121,78.2615,2297.3,7.9,24.4,90.3,1007.2,37.6,240,20.2,35.2622061482821,73.82459312839059,37.29656419529837,81.78119349005425,52.7,MODERATE
2022-03-17 14:45:00,17.5711,78.2428,2897.9,18.7,24.6,83.0,1000.7,49.6,280,17.0,70.70524412296564,35.081374321880645,19.077757685352623,49.0506329113924,48.9,MODERATE
2022-03-17 15:15:00,17.3575,78.3661,1844.5,21.8,22.8,82.0,1005.2,25.5,235,13.5,15.23508137432188,29.61121157323689,5.018083182640145,40.280289330922244,21.1,LOW
2022-03-17 15:45:00,17.385,78.4484,1466.9,29.1,25.4,87.2,1001.2,34.4,105,20.8,1.9891500904159132,57.09764918625678,40.822784810126585,19.801084990958408,24.3,LOW
2022-04-08 20:15:00,17.353,78.6582,2929.3,39.3,25.1,78.9,996.0,61.4,165,34.7,71.97106690777576,23.236889692585898,92.76672694394213,6.690777576853524,53.3,MODERATE
2022-04-08 20:45:00,17.5095,78.5811,3645.2,13.2,25.7,77.7,998.0,65.2,20,24.6,88.33634719710669,20.70524412296564,64.376130198915,66.99819168173599,65.8,HIGH
2022-04-08 21:15:00,17.4605,78.6229,3804.9,6.7,26.0,65.9,995.9,59.1,295,35.5,91.86256781193491,1.89873417721519,94.2133815551537,84.67450271247739,72.9,HIGH
2022-04-11 18:00:00,17.3977,78.2604,3221.5,23.2,29.1,82.8,999.0,44.0,145,32.5,78.30018083182641,34.267631103074145,87.16094032549728,37.07052441229657,63.0,HIGH
2022-04-11 18:30:00,17.4213,78.3871,2683.8,20.9,23.2,85.9,996.5,36.8,20,31.1,56.78119349005425,50.45207956600362,83.86075949367088,43.94213381555153,58.4,MODERATE
2022-04-11 19:00:00,17.523,78.2392,2687.7,11.1,29.9,77.6,998.6,53.0,165,37.4,57.05244122965642,20.61482820976492,98.91500904159132,72.06148282097648,61.1,HIGH
2022-04-12 14:00:00,17.302,78.6267,3878.4,31.1,27.0,84.5,995.1,58.7,295,34.9,92.85714285714286,43.21880650994575,93.12839059674502,15.913200723327304,67.6,HIGH
2022-04-12 14:30:00,17.3014,78.423,3654.2,9.3,24.6,69.0,1002.2,37.5,165,31.7,88.69801084990958,6.374321880650995,85.35262206148282,77.21518987341773,69.3,HIGH
2022-04-12 15:00:00,17.5008,78.6739,2429.1,17.6,29.5,72.2,996.9,68.0,305,37.7,42.31464737793852,12.115732368896925,99.50271247739603,53.254972875226045,49.9,MODERATE
2022-04-12 15:30:00,17.5218,78.2313,3329.6,18.6,25.6,82.4,1002.7,59.4,70,35.1,81.10307414104882,32.05244122965642,93.49005424954791,49.4122965641953,67.4,HIGH
2022-04-16 16:45:00,17.3469,78.4043,3942.5,31.5,25.7,83.5,995.2,64.4,15,27.7,94.12296564195299,37.9746835443038,76.62748643761303,15.461121157323687,63.7,HIGH
2022-04-16 17:15:00,17.3477,78.559,3643.2,16.3,29.7,73.6,1001.5,39.8,295,21.4,88.24593128390596,14.285714285714285,44.07775768535262,57.09764918625678,58.4,MODERATE
2022-04-16 21:00:00,17.4002,78.417,2427.9,32.0,28.6,84.5,1001.6,35.0,230,37.1,42.22423146473779,43.21880650994575,98.28209764918626,14.556962025316455,48.1,MODERATE
2022-04-16 21:30:00,17.4127,78.4847,3886.4,24.2,24.6,87.4,999.8,41.1,70,28.1,92.94755877034359,58.45388788426763,77.48643761301989,33.54430379746836,71.1,HIGH
2022-04-16 22:00:00,17.4044,78.5054,3152.7,42.3,23.6,78.5,1001.2,66.7,340,29.7,76.03978300180832,22.423146473779383,81.10307414104882,3.4358047016274873,51.8,MODERATE
2022-04-16 22:30:00,17.4389,78.5962,2207.5,30.3,27.8,73.6,999.1,44.9,215,33.8,28.57142857142857,14.285714285714285,90.95840867992767,17.043399638336343,35.9,MODERATE
2022-04-20 15:00:00,17.5572,78.5388,2349.5,23.4,30.1,67.6,1003.9,73.0,255,19.6,37.79385171790235,4.9276672694394215,34.35804701627486,36.4376130198915,30.3,MODERATE
2022-04-20 15:30:00,17.3798,78.6186,3036.8,22.6,28.1,85.9,995.3,58.7,350,21.7,74.32188065099457,50.45207956600362,45.52441229656419,38.96925858951176,56.7,MODERATE
2022-04-20 16:00:00,17.3752,78.4453,2868.3,9.3,24.2,65.9,999.2,73.2,330,20.3,69.07775768535262,1.89873417721519,37.839059674502714,77.21518987341773,51.0,MODERATE
2022-04-20 16:30:00,17.3721,78.3719,4065.1,14.9,28.1,72.4,999.6,66.5,35,35.6,96.74502712477397,12.47739602169982,94.57504520795659,62.0253164556962,72.5,HIGH
2022-04-27 14:30:00,17.5619,78.5865,3807.3,26.3,24.5,76.5,999.9,62.1,265,30.2,92.04339963833634,19.394213381555154,81.64556962025317,26.85352622061483,62.4,HIGH
2022-04-27 15:00:00,17.2925,78.4271,3308.6,18.1,28.8,82.4,998.0,65.2,50,31.0,80.28933092224231,32.05244122965642,83.67992766726944,51.35623869801085,65.5,HIGH
2022-04-27 15:30:00,17.4565,78.4012,3603.9,38.4,28.5,78.8,999.1,60.7,15,31.6,87.43218806509945,23.010849909584085,85.17179023508137,7.278481012658233,58.1,MODERATE
2022-05-06 16:45:00,17.5695,78.635,2759.9,9.2,23.9,72.9,1000.5,67.2,350,36.0,62.38698010849909,13.155515370705245,95.56962025316456,77.62206148282098,62.2,HIGH
2022-05-06 17:15:00,17.4012,78.4611,3475.3,16.8,28.7,69.6,1002.5,57.9,5,29.7,84.26763110307414,7.640144665461121,81.10307414104882,55.4249547920434,62.5,HIGH
2022-05-07 21:15:00,17.2926,78.5878,3186.1,27.6,28.2,89.9,995.5,36.2,40,21.6,77.03435804701627,72.15189873417721,45.11754068716094,23.64376130198915,59.0,MODERATE
2022-05-07 21:45:00,17.446,78.4023,3269.7,40.1,30.3,72.2,999.2,57.0,280,37.0,79.29475587703436,12.115732368896925,98.01084990958408,5.153707052441225,54.8,MODERATE
2022-05-07 22:15:00,17.4919,78.4033,2216.2,5.4,26.7,78.2,995.2,62.5,135,23.9,28.933092224231466,21.564195298372514,60.2622061482821,88.15551537070525,45.6,MODERATE
2022-05-07 22:45:00,17.2714,78.3728,2225.2,8.8,25.4,66.5,1000.4,38.5,95,32.0,30.018083182640144,3.0289330922242312,86.07594936708861,78.79746835443038,45.6,MODERATE
2022-05-11 20:15:00,17.4576,78.2727,4101.1,44.2,27.4,90.7,996.6,36.0,330,18.8,97.55877034358048,75.85895117540687,28.84267631103074,0.7233273056057921,60.1,HIGH
2022-05-11 20:45:00,17.3174,78.4801,3264.6,8.0,28.6,81.8,996.7,53.8,305,32.4,79.20433996383363,29.204339963833636,86.88969258589512,81.28390596745028,71.2,HIGH
2022-05-17 20:45:00,17.4717,78.5564,2221.4,22.6,29.7,78.2,997.8,69.9,320,21.1,29.475587703435806,21.564195298372514,42.405063291139236,38.96925858951176,32.4,MODERATE
2022-05-17 21:15:00,17.2838,78.4042,2874.5,33.7,28.9,66.4,997.0,46.0,200,29.0,69.3490054249548,2.848101265822785,79.65641952983725,12.61301989150091,46.8,MODERATE
2022-05-23 21:30:00,17.572,78.3755,3263.9,25.5,30.6,77.9,1001.3,71.9,260,25.5,79.11392405063292,20.88607594936709,69.52983725135624,29.52079566003617,55.6,MODERATE
2022-05-23 22:00:00,17.3282,78.5249,3834.5,27.4,25.0,72.1,995.4,47.2,220,32.9,92.40506329113924,11.889692585895117,88.5623869801085,24.005424954792044,61.9,HIGH
2022-06-18 19:15:00,17.4823,78.5822,2061.8,21.5,23.6,85.4,1004.3,51.2,210,16.3,22.965641952983727,48.056057866184446,16.862567811934902,41.45569620253164,30.5,MODERATE
2022-06-18 19:45:00,17.4756,78.4787,2665.1,22.9,21.8,98.0,1005.5,47.6,75,21.1,55.69620253164557,99.95479204339965,42.405063291139236,37.79385171790235,58.3,MODERATE
2022-06-18 20:15:00,17.3932,78.4876,1742.6,24.7,23.1,93.3,1003.1,38.7,240,14.5,10.669077757685352,84.49367088607595,9.629294755877034,31.916817359855333,29.5,LOW
2022-06-18 20:45:00,17.3261,78.2812,2220.0,21.3,21.8,83.1,1006.0,45.9,235,15.4,29.204339963833636,35.80470162748644,13.110307414104883,42.40506329113924,29.9,LOW
2022-06-20 15:00:00,17.3011,78.6193,2503.6,6.4,22.3,87.1,1007.8,28.2,330,18.4,46.92585895117541,56.19349005424955,25.723327305605785,85.44303797468355,52.2,MODERATE
2022-06-20 15:30:00,17.4189,78.4676,2048.5,29.8,26.6,86.9,999.1,46.9,70,26.0,22.423146473779383,55.01808318264014,72.33273056057867,18.0379746835443,38.0,MODERATE
2022-06-20 16:00:00,17.5608,78.6253,1742.5,6.6,22.6,96.8,1006.5,44.8,75,17.5,10.57866184448463,96.3381555153707,20.70524412296564,84.9005424954792,44.6,MODERATE
2022-07-20 14:30:00,17.284,78.6636,2190.8,9.8,22.4,87.4,998.2,31.6,145,19.4,28.119349005424954,58.45388788426763,33.36347197106691,75.72332730560578,44.8,MODERATE
2022-07-20 15:00:00,17.4797,78.2803,1621.6,12.8,22.6,82.4,1006.1,20.6,300,23.6,6.6907775768535265,32.05244122965642,58.49909584086799,68.30922242314648,34.4,MODERATE
2022-08-10 16:45:00,17.3577,78.6085,2077.1,15.0,24.4,89.2,1000.6,23.9,135,13.4,23.779385171790235,68.3996383363472,4.520795660036167,61.61844484629295,36.4,MODERATE
2022-08-10 17:15:00,17.3368,78.2545,2596.3,4.6,24.9,87.4,999.3,33.3,170,12.2,51.71790235081374,58.45388788426763,0.8589511754068716,90.6871609403255,50.7,MODERATE
2022-08-17 18:15:00,17.5571,78.5621,1685.7,13.3,21.9,88.2,1005.4,32.4,65,16.6,8.318264014466546,62.83905967450272,17.99276672694394,66.59132007233272,32.8,MODERATE
2022-08-17 18:45:00,17.3996,78.3366,2891.8,28.7,26.1,93.0,1000.9,49.2,340,15.9,70.43399638336348,83.45388788426763,15.23508137432188,21.02169981916817,52.1,MODERATE
2022-08-17 19:15:00,17.5564,78.2373,2056.7,0.6,24.2,90.0,1001.2,24.2,100,17.3,22.78481012658228,72.69439421338156,20.11754068716094,98.55334538878843,47.4,MODERATE
2022-08-25 16:45:00,17.4281,78.5849,2184.0,4.7,22.2,85.0,1001.5,49.8,345,23.2,27.75768535262206,46.1121157323689,55.19891500904159,90.50632911392404,49.5,MODERATE
2022-08-25 17:15:00,17.3366,78.5599,2814.9,15.8,24.5,89.4,1001.3,35.2,90,20.4,65.18987341772153,69.62025316455697,38.5623869801085,59.0867992766727,59.5,MODERATE
2022-08-25 17:45:00,17.4663,78.4829,1775.9,11.9,23.9,96.1,1007.6,48.6,290,22.1,12.567811934900542,94.07775768535262,47.830018083182644,70.5244122965642,47.5,MODERATE
2022-08-25 18:15:00,17.4803,78.6622,1775.0,16.1,25.3,92.9,1000.5,38.8,270,23.1,12.341772151898734,83.27305605786619,54.56600361663653,58.00180831826401,44.1,MODERATE
2022-09-12 21:15:00,17.3362,78.4651,2223.3,16.1,24.6,97.2,1007.0,48.0,235,23.2,29.65641952983725,97.2875226039783,55.19891500904159,58.00180831826401,54.0,MODERATE
2022-09-12 21:45:00,17.2953,78.241,2586.8,7.8,23.4,83.0,999.8,44.5,105,18.9,51.08499095840868,35.081374321880645,29.8372513562387,82.23327305605787,49.9,MODERATE
2022-09-12 22:15:00,17.3187,78.391,1797.3,10.5,25.4,87.9,1003.6,23.2,35,23.3,13.381555153707053,61.39240506329114,56.23869801084991,73.28209764918626,43.5,MODERATE
2022-09-12 22:45:00,17.4677,78.5636,1714.5,26.5,24.9,88.9,999.8,50.2,30,22.6,9.132007233273058,66.45569620253164,51.13019891500904,26.401446654611217,32.5,MODERATE
2022-09-15 19:45:00,17.341,78.4355,1683.3,8.1,24.4,95.3,1002.0,42.9,140,24.3,8.227848101265822,91.45569620253164,62.56781193490054,80.83182640144666,50.3,MODERATE
2022-09-15 20:15:00,17.5054,78.3798,1763.3,5.1,25.8,84.1,1002.5,36.2,80,21.6,11.799276672694395,41.274864376130196,45.11754068716094,89.5117540687161,39.9,MODERATE
2022-09-18 21:00:00,17.4581,78.4157,1697.6,28.8,24.3,93.7,1002.1,31.4,5,17.7,8.770343580470161,86.21157323688969,21.47377938517179,20.750452079566006,29.2,LOW
2022-09-18 21:30:00,17.4356,78.4796,2145.7,4.0,24.2,84.7,999.3,49.8,240,20.5,26.220614828209765,44.34900542495479,39.150090415913205,91.68173598553345,45.5,MODERATE
2022-09-18 22:00:00,17.3419,78.4858,1562.3,28.0,23.3,85.5,1003.0,28.9,355,19.5,4.882459312839059,48.41772151898734,33.90596745027125,22.78481012658228,23.0,LOW
2022-09-18 22:30:00,17.3515,78.3606,1806.4,25.7,21.7,83.2,1000.7,26.4,250,15.2,13.5623869801085,36.4376130198915,12.160940325497288,28.93309222423146,20.9,LOW
2022-09-19 16:45:00,17.5629,78.3756,1729.4,20.3,25.7,85.6,998.8,45.9,235,25.7,9.764918625678119,48.96021699819168,70.29837251356238,45.07233273056058,36.8,MODERATE
2022-09-19 17:15:00,17.4347,78.2397,1519.7,12.5,26.7,93.5,998.9,47.1,15,22.3,3.9783001808318263,85.35262206148282,49.09584086799277,68.89692585895118,42.3,MODERATE
2022-09-23 17:45:00,17.4266,78.3051,2866.6,3.2,26.6,96.6,1003.3,43.2,165,18.1,68.89692585895118,95.88607594936708,23.915009041591322,93.1735985533454,70.2,HIGH
2022-09-23 18:15:00,17.4402,78.4744,2003.5,4.8,22.2,94.2,1007.3,34.7,0,21.2,20.61482820976492,87.70343580470163,43.037974683544306,90.23508137432188,52.4,MODERATE
2022-09-23 18:45:00,17.3461,78.2631,1555.7,24.4,21.7,92.5,1000.7,47.9,205,18.8,4.701627486437613,81.6003616636528,28.84267631103074,32.77576853526221,30.5,MODERATE
2022-09-23 19:15:00,17.5368,78.4631,2611.9,11.0,22.2,82.7,1000.8,27.8,300,19.8,52.53164556962025,33.58951175406872,35.397830018083184,72.19710669077757,49.2,MODERATE
2023-03-14 19:15:00,17.3964,78.5783,1740.5,6.6,22.4,88.0,1006.5,46.5,310,17.4,10.397830018083184,61.79927667269439,20.34358047016275,84.9005424954792,37.6,MODERATE
2023-03-14 19:45:00,17.49,78.3401,1652.2,29.2,24.9,97.7,1001.4,42.5,255,15.1,7.233273056057866,98.86980108499095,11.799276672694395,19.34900542495479,28.9,LOW
2023-04-16 16:30:00,17.3939,78.6088,3561.2,36.6,29.5,67.3,1000.6,35.3,125,18.9,86.61844484629296,4.2947558770343575,29.8372513562387,9.177215189873422,43.3,MODERATE
2023-04-16 17:00:00,17.2852,78.4937,3926.1,24.3,23.6,80.1,998.0,41.2,160,35.0,93.67088607594937,25.994575045207956,93.30922242314648,33.18264014466546,68.0,HIGH
2023-04-16 17:30:00,17.4403,78.5359,4156.7,34.1,28.1,74.0,995.3,46.5,285,33.4,98.82459312839059,15.18987341772152,89.78300180831826,11.934900542495475,62.9,HIGH
2023-04-23 18:00:00,17.4491,78.4922,3168.5,27.0,26.9,80.3,1001.4,39.4,340,33.0,76.58227848101265,26.446654611211574,88.87884267631104,25.497287522603973,58.8,MODERATE
2023-04-23 18:30:00,17.3717,78.4909,3863.2,42.3,29.0,87.8,999.2,50.6,90,25.9,92.6763110307414,60.89511754068716,71.79023508137432,3.4358047016274873,64.3,HIGH
2023-04-23 19:00:00,17.377,78.5072,2824.0,41.4,30.0,80.1,997.9,46.7,225,18.7,66.00361663652802,25.994575045207956,27.66726943942134,4.294755877034362,38.0,MODERATE
2023-04-23 19:30:00,17.2925,78.4981,4095.7,24.4,30.2,87.5,996.3,63.3,300,26.7,97.37793851717902,59.26763110307414,74.0506329113924,32.77576853526221,72.2,HIGH
2023-05-02 18:45:00,17.5635,78.3248,2822.4,35.8,29.9,79.0,1003.9,35.5,355,24.0,65.73236889692586,23.462929475587703,60.8499095840868,10.216998191681736,45.2,MODERATE
2023-05-02 19:15:00,17.4125,78.2826,2935.6,6.0,28.1,89.1,1003.0,63.0,95,27.3,72.0614828209765,67.58589511754069,75.5877034358047,86.16636528028934,74.7,HIGH
2023-05-06 17:30:00,17.2925,78.2611,3480.1,42.6,23.0,84.6,1000.9,64.3,35,25.1,84.35804701627487,43.85171790235081,67.2242314647378,2.9837251356238714,56.6,MODERATE
2023-05-06 18:00:00,17.4633,78.58,4172.1,12.2,29.1,74.1,996.6,51.9,150,33.9,99.45750452079565,15.415913200723327,91.18444846292948,69.66546112115732,75.0,HIGH
2023-05-06 18:30:00,17.4264,78.3473,2269.8,21.4,23.9,89.5,995.4,52.3,245,19.0,33.90596745027125,70.29837251356238,30.74141048824593,41.90777576853526,42.2,MODERATE
2023-05-08 19:00:00,17.4137,78.539,3414.5,21.6,26.0,75.3,1000.3,60.9,295,27.0,83.09222423146474,17.4502712477396,74.77396021699819,40.9132007233273,59.9,MODERATE
2023-05-08 19:30:00,17.4468,78.5856,2865.3,38.3,25.2,79.7,996.9,54.0,25,24.4,68.71609403254972,24.819168173598552,63.11030741410488,7.459312839059673,46.6,MODERATE
2023-05-10 18:00:00,17.4006,78.4178,2949.5,42.0,29.6,67.9,996.0,52.1,145,20.0,72.33273056057867,5.334538878842676,36.34719710669078,3.7522603978300206,38.0,MODERATE
2023-05-10 18:30:00,17.4737,78.2562,3515.1,40.3,27.6,74.6,1002.4,66.3,105,28.9,85.26220614828209,16.229656419529835,79.29475587703436,4.88245931283906,54.2,MODERATE
2023-05-10 18:45:00,17.4323,78.281,3856.5,15.1,29.2,90.8,1001.3,58.8,15,27.2,92.58589511754069,76.22061482820976,75.27124773960216,61.21157323688969,79.6,HIGH
2023-05-10 19:00:00,17.3453,78.5696,3812.2,16.2,25.9,67.1,1001.4,35.1,60,18.9,92.13381555153707,3.9330922242314643,29.8372513562387,57.59493670886076,55.1,MODERATE
2023-05-10 19:15:00,17.3526,78.5281,3643.1,39.5,26.8,91.9,1003.8,70.3,75,29.5,88.15551537070525,80.37974683544303,80.6509945750452,6.193490054249551,68.7,HIGH
2023-05-10 19:45:00,17.3802,78.2344,2698.3,33.8,27.8,89.7,995.5,41.2,315,33.8,57.86618444846293,71.3381555153707,90.95840867992767,12.296564195298377,58.1,MODERATE
2023-05-16 14:45:00,17.5417,78.3335,4058.6,33.7,29.1,70.4,997.1,55.9,250,21.4,96.47377938517178,9.132007233273058,44.07775768535262,12.61301989150091,51.8,MODERATE
2023-05-16 15:15:00,17.367,78.3025,2610.4,36.5,24.3,65.8,1000.7,74.0,355,24.6,52.44122965641953,1.5822784810126582,64.376130198915,9.358047016274861,36.0,MODERATE
2023-05-16 15:45:00,17.5444,78.6399,4153.0,33.0,27.0,69.5,1001.3,46.7,220,23.7,98.73417721518987,7.323688969258589,59.17721518987342,13.5623869801085,55.5,MODERATE
2023-05-18 14:30:00,17.3326,78.5053,2377.9,7.3,26.0,84.5,1000.0,51.9,340,29.3,38.517179023508135,43.21880650994575,80.33453887884268,83.3634719710669,56.8,MODERATE
2023-05-18 15:00:00,17.3349,78.5584,2939.9,16.2,24.4,79.9,996.9,43.0,130,37.8,72.15189873417721,25.361663652802896,99.81916817359856,57.59493670886076,65.4,HIGH
2023-05-18 15:30:00,17.4894,78.5655,2400.5,33.7,28.4,87.4,995.4,35.9,250,25.5,40.14466546112116,58.45388788426763,69.52983725135624,12.61301989150091,44.2,MODERATE
2023-05-23 14:30:00,17.4631,78.4422,3312.1,16.4,23.2,81.9,997.3,61.8,290,32.9,80.37974683544303,29.430379746835445,88.5623869801085,56.55515370705244,67.1,HIGH
2023-05-23 15:00:00,17.297,78.5769,2241.0,15.0,30.1,84.4,995.7,67.8,275,27.9,31.82640144665461,42.58589511754069,77.03435804701627,61.61844484629295,49.0,MODERATE
2023-05-23 15:30:00,17.453,78.5435,4187.0,14.3,28.0,77.4,995.4,35.6,225,20.4,99.63833634719711,20.524412296564197,38.5623869801085,63.833634719710666,64.4,HIGH
2023-05-23 16:00:00,17.4427,78.4842,2263.7,23.8,30.4,75.7,1000.6,66.2,130,33.7,33.18264014466546,17.90235081374322,90.50632911392405,35.03616636528029,42.0,MODERATE
2023-05-25 20:00:00,17.5105,78.683,2239.8,33.0,25.0,66.1,998.6,72.4,275,18.2,31.464737793851715,2.396021699819168,24.593128390596743,13.5623869801085,20.7,LOW
2023-05-25 20:30:00,17.5435,78.3138,2626.1,15.8,25.4,78.9,1001.4,72.0,310,19.8,53.70705244122965,23.236889692585898,35.397830018083184,59.0867992766727,45.0,MODERATE
2023-05-25 21:00:00,17.5518,78.2537,2920.6,37.5,27.9,86.0,1001.5,54.9,240,18.8,71.60940325497288,51.03978300180832,28.84267631103074,8.408679927667272,46.3,MODERATE
2023-06-02 21:30:00,17.426,78.3407,1676.5,1.9,25.7,88.8,1004.3,43.3,190,21.5,8.047016274864376,65.95840867992767,44.66546112115732,95.750452079566,44.5,MODERATE
2023-06-02 22:00:00,17.4339,78.3444,2736.6,10.0,22.3,83.5,998.1,33.5,100,14.6,60.66907775768535,37.9746835443038,10.08137432188065,75.22603978300181,48.9,MODERATE
2023-06-08 20:30:00,17.3223,78.5091,2114.9,26.0,21.7,92.3,1005.6,44.3,15,24.4,25.31645569620253,81.374321880651,63.11030741410488,27.848101265822788,44.6,MODERATE
2023-06-08 21:00:00,17.4522,78.4549,1448.2,18.7,23.8,91.0,1002.3,50.9,35,20.5,1.2658227848101267,76.62748643761303,39.150090415913205,49.0506329113924,33.5,MODERATE
2023-06-08 21:30:00,17.5564,78.5018,1418.1,1.0,25.4,86.5,1003.8,26.5,130,15.8,0.6329113924050633,53.34538878842676,14.783001808318264,97.96564195298373,33.5,MODERATE
2023-06-12 18:15:00,17.3738,78.6734,2765.4,18.9,24.7,87.9,998.2,24.1,145,22.6,62.56781193490054,61.39240506329114,51.13019891500904,48.41772151898734,57.2,MODERATE
2023-06-12 18:45:00,17.4071,78.6619,1583.8,6.4,21.7,88.9,1000.8,47.8,280,20.5,5.244122965641953,66.45569620253164,39.150090415913205,85.44303797468355,40.3,MODERATE
2023-06-24 17:15:00,17.4059,78.5866,2190.2,9.5,22.9,82.6,1003.8,27.4,60,14.1,28.028933092224236,33.047016274864376,7.685352622061482,76.5370705244123,34.7,MODERATE
2023-06-24 17:45:00,17.3429,78.6337,2514.4,27.0,26.0,97.8,999.9,22.8,270,16.7,47.830018083182644,99.32188065099457,18.21880650994575,25.497287522603973,47.7,MODERATE
2023-06-24 18:15:00,17.4291,78.5209,2267.4,7.8,26.5,82.3,1001.5,43.0,265,22.7,33.45388788426763,31.193490054249544,51.94394213381555,82.23327305605787,46.5,MODERATE
2023-07-17 16:15:00,17.3892,78.6195,2040.4,16.6,22.8,93.9,1003.3,45.9,255,22.9,21.880650994575046,86.98010849909585,53.6618444846293,56.148282097649194,48.1,MODERATE
2023-07-17 16:45:00,17.4749,78.6495,2153.2,29.0,26.7,95.8,1003.0,24.5,80,15.1,26.582278481012654,93.1735985533454,11.799276672694395,20.207956600361666,35.7,MODERATE
2023-07-17 17:15:00,17.3474,78.3333,2121.1,15.0,22.7,86.3,999.7,43.0,140,22.8,25.587703435804706,52.48643761301989,52.84810126582279,61.61844484629295,43.6,MODERATE
2023-07-17 17:45:00,17.4277,78.5883,1791.0,4.9,23.4,90.9,1003.8,24.2,10,18.4,13.01989150090416,76.40144665461122,25.723327305605785,89.87341772151899,43.6,MODERATE
2023-07-20 14:45:00,17.333,78.4605,1430.0,7.6,24.3,82.2,1000.6,36.4,0,20.0,1.1754068716094033,30.37974683544304,36.34719710669078,82.82097649186258,30.4,MODERATE
2023-07-20 15:15:00,17.5557,78.3799,1603.7,7.1,25.8,97.5,1002.7,29.8,30,18.0,6.23869801084991,97.96564195298373,23.191681735985533,83.63471971066907,43.5,MODERATE
2023-08-12 21:15:00,17.4978,78.5078,2429.5,0.6,23.2,92.2,998.1,21.1,310,23.9,42.405063291139236,81.14828209764919,60.2622061482821,98.55334538878843,65.0,HIGH
2023-08-12 21:45:00,17.4799,78.5945,1860.2,1.1,26.6,87.5,999.1,35.7,335,22.8,16.455696202531644,59.26763110307414,52.84810126582279,97.73960216998192,48.6,MODERATE
2023-08-24 14:45:00,17.5417,78.3397,1820.3,1.6,25.9,88.7,1000.3,27.4,255,24.6,13.924050632911392,65.64195298372513,64.376130198915,96.60940325497288,50.9,MODERATE
2023-08-24 15:15:00,17.5176,78.6109,2017.3,15.6,21.7,92.8,1002.0,34.3,120,24.2,21.338155515370705,82.86618444846293,61.88969258589512,59.6745027124774,49.4,MODERATE
2023-08-26 17:45:00,17.3546,78.6688,1480.3,21.3,24.4,89.6,1000.2,42.6,265,14.7,2.9837251356238697,70.84086799276673,10.488245931283906,42.40506329113924,25.9,LOW
2023-08-26 18:15:00,17.5146,78.3459,2033.7,23.6,26.9,83.0,1006.1,29.6,85,19.7,21.609403254972875,35.081374321880645,34.810126582278485,35.75949367088608,29.8,LOW
2023-08-26 18:45:00,17.4873,78.4965,1533.5,20.8,22.4,94.6,1000.5,33.3,145,16.9,4.249547920433996,88.69801084990958,18.761301989150088,44.25858951175407,32.0,MODERATE
2023-09-26 16:30:00,17.5758,78.6143,2740.2,24.7,22.1,85.6,998.0,29.7,145,13.5,61.21157323688969,48.96021699819168,5.018083182640145,31.916817359855333,41.7,MODERATE
2023-09-26 17:00:00,17.4589,78.267,2636.0,20.3,22.6,83.3,1006.4,22.5,275,13.3,54.70162748643761,37.070524412296564,3.9783001808318263,45.07233273056058,39.1,MODERATE
2023-09-26 17:30:00,17.3699,78.3533,2167.2,13.2,24.3,92.8,1001.9,28.0,300,14.3,27.305605786618447,82.86618444846293,8.7251356238698,66.99819168173599,42.6,MODERATE
2024-03-14 15:00:00,17.5672,78.2832,2837.4,2.7,22.8,82.7,1005.1,47.2,105,18.1,66.86256781193491,33.58951175406872,23.915009041591322,93.9873417721519,57.0,MODERATE
2024-03-14 15:30:00,17.4498,78.5195,2668.1,8.9,23.4,96.5,1007.0,51.2,235,24.6,55.87703435804702,95.5244122965642,64.376130198915,78.39059674502712,70.0,HIGH
2024-03-14 16:00:00,17.3564,78.3136,1968.3,26.8,21.6,92.8,1002.8,25.2,25,16.5,19.62025316455696,82.86618444846293,17.63110307414105,25.994575045207956,33.1,MODERATE
2024-03-14 16:30:00,17.4414,78.5028,2359.4,14.9,21.6,87.4,999.8,41.8,355,12.8,38.155515370705245,58.45388788426763,2.4412296564195297,62.0253164556962,39.8,MODERATE
2024-04-07 16:45:00,17.3268,78.236,3036.0,8.4,23.8,72.2,1000.7,56.2,185,19.4,74.23146473779386,12.115732368896925,33.36347197106691,79.8372513562387,54.8,MODERATE
2024-04-07 17:15:00,17.4449,78.5498,4048.6,33.5,25.9,84.3,995.4,50.5,35,26.1,96.29294755877035,42.269439421338156,72.51356238698011,12.929475587703433,64.1,HIGH
2024-04-07 17:45:00,17.5044,78.5747,3278.7,39.6,24.1,81.1,999.0,51.9,165,23.1,79.65641952983725,27.893309222423145,54.56600361663653,5.967450271247743,49.5,MODERATE
2024-04-07 18:15:00,17.489,78.5772,2378.0,39.4,29.5,65.9,995.8,37.0,325,24.7,38.65280289330922,1.89873417721519,65.14466546112115,6.509945750452085,30.2,MODERATE
2024-04-16 18:30:00,17.4687,78.3483,2339.5,21.5,26.7,71.9,1001.5,37.9,30,22.5,37.43218806509946,11.482820976491864,50.31645569620253,41.45569620253164,35.6,MODERATE
2024-04-16 19:00:00,17.4026,78.5543,3335.0,43.0,27.8,65.4,998.2,40.7,305,36.5,81.374321880651,0.6329113924050633,96.60940325497288,2.3056057866184476,52.5,MODERATE
2024-04-16 19:45:00,17.3698,78.2705,3325.3,24.2,23.8,81.5,1001.6,65.7,10,36.1,80.92224231464738,28.57142857142857,95.84086799276673,33.54430379746836,64.0,HIGH
2024-04-16 20:15:00,17.4709,78.5164,3189.2,13.5,26.1,79.7,999.2,40.1,130,31.0,77.21518987341773,24.819168173598552,83.67992766726944,65.86799276672694,65.8,HIGH
2024-04-17 15:30:00,17.3974,78.4951,3945.9,39.5,26.0,70.6,1002.0,52.3,25,21.8,94.2133815551537,9.448462929475587,46.1121157323689,6.193490054249551,50.0,MODERATE
2024-04-17 16:00:00,17.329,78.2407,2240.6,29.9,28.3,73.4,997.9,48.6,245,31.6,31.55515370705244,13.924050632911392,85.17179023508137,17.631103074141052,36.0,MODERATE
2024-04-17 16:30:00,17.3763,78.6469,4163.4,19.0,25.1,79.8,996.7,36.3,0,36.9,99.18625678119349,25.090415913200726,97.73960216998192,48.19168173598554,73.9,HIGH
2024-04-17 17:00:00,17.3923,78.553,3314.1,39.1,25.5,79.1,999.4,49.2,155,35.8,80.47016274864376,23.643761301989148,95.02712477396021,6.826401446654606,57.3,MODERATE
2024-05-07 17:00:00,17.2903,78.3651,2587.1,27.2,26.1,69.2,1000.8,56.5,170,23.5,51.17540687160941,6.645569620253164,57.91139240506329,24.954792043399642,38.4,MODERATE
2024-05-07 17:30:00,17.4531,78.3799,3761.9,38.6,25.6,87.6,995.9,68.5,220,21.1,90.6871609403255,60.08137432188065,42.405063291139236,7.097649186256783,58.2,MODERATE
2024-05-08 14:00:00,17.363,78.6866,2277.2,10.1,24.8,86.9,1002.9,37.9,270,18.6,34.35804701627486,55.01808318264014,26.80831826401447,75.04520795660036,45.1,MODERATE
2024-05-08 14:30:00,17.492,78.3999,2568.7,22.7,24.3,91.5,995.9,58.6,165,30.5,50.27124773960217,78.39059674502712,82.82097649186257,38.51717902350814,60.1,HIGH
2024-05-08 15:00:00,17.4922,78.2721,3518.8,17.7,29.0,68.7,1003.1,44.7,120,25.1,85.44303797468355,6.1030741410488245,67.2242314647378,52.89330922242315,59.4,MODERATE
2024-05-09 17:00:00,17.3704,78.446,2829.0,33.0,29.6,84.7,1003.9,45.9,25,35.5,66.2748643761302,44.34900542495479,94.2133815551537,13.5623869801085,56.9,MODERATE
2024-05-09 17:30:00,17.3767,78.6761,2837.4,21.4,28.1,65.7,1003.1,55.8,160,27.3,66.86256781193491,1.3110307414104883,75.5877034358047,41.90777576853526,50.5,MODERATE
2024-05-09 18:00:00,17.2774,78.4289,3339.0,40.1,30.4,79.3,1001.8,52.6,250,32.9,81.50994575045209,23.869801084990957,88.5623869801085,5.153707052441225,56.1,MODERATE
2024-05-10 19:00:00,17.4014,78.4027,3614.5,31.9,24.6,83.1,997.3,35.7,105,32.0,87.70343580470163,35.80470162748644,86.07594936708861,14.873417721518988,62.4,HIGH
2024-05-10 19:30:00,17.3762,78.6152,2333.6,42.7,30.9,67.4,997.6,49.9,325,33.5,36.98010849909584,4.656419529837252,90.05424954792043,2.7124773960216952,34.3,MODERATE
2024-05-10 20:00:00,17.5072,78.3771,2912.8,15.2,25.0,90.6,1000.7,41.2,315,32.4,71.3381555153707,75.22603978300181,86.88969258589512,60.89511754068716,73.1,HIGH
2024-05-10 20:30:00,17.4004,78.4568,2310.4,43.2,24.0,83.8,999.6,36.0,200,36.5,36.12115732368897,39.46654611211573,96.60940325497288,1.9891500904159143,42.1,MODERATE
2024-05-13 15:15:00,17.4717,78.6493,3007.5,13.3,28.2,88.5,1001.7,69.8,310,28.7,73.50813743218806,64.28571428571429,78.79746835443038,66.59132007233272,71.3,HIGH
2024-05-13 15:45:00,17.347,78.6582,3388.2,37.0,26.2,70.7,1003.2,72.3,190,28.0,82.45931283905968,9.629294755877034,77.26039783001808,8.81555153707052,52.1,MODERATE
2024-05-21 17:30:00,17.5418,78.5249,3487.1,41.1,27.1,76.1,1002.8,64.7,25,37.0,84.44846292947558,18.942133815551536,98.01084990958408,4.566003616636527,58.1,MODERATE
2024-05-21 18:00:00,17.4415,78.3037,2819.9,41.0,28.5,91.6,1001.9,72.7,180,22.3,65.46112115732369,78.93309222423146,49.09584086799277,4.7016274864376095,52.7,MODERATE
2024-05-21 18:00:00,17.2827,78.417,3610.1,14.1,29.4,82.0,1000.3,49.1,290,27.6,87.52260397830018,29.61121157323689,76.35623869801084,64.46654611211574,69.1,HIGH
2024-05-21 18:30:00,17.5759,78.4576,3742.9,5.1,30.1,72.3,1001.0,67.3,215,21.3,90.23508137432188,12.341772151898734,43.53526220614828,89.5117540687161,65.2,HIGH
2024-05-21 19:00:00,17.3304,78.6714,3204.8,41.7,28.7,84.5,995.8,43.8,100,18.2,77.84810126582279,43.21880650994575,24.593128390596743,3.9783001808318286,45.5,MODERATE
2024-05-22 21:00:00,17.2775,78.5628,4010.9,36.8,27.7,83.1,1003.9,38.6,270,31.3,95.84086799276673,35.80470162748644,84.49367088607595,8.951175406871615,64.2,HIGH
2024-05-22 21:30:00,17.4651,78.5092,2506.9,13.3,28.0,68.5,997.4,68.4,245,24.5,47.287522603978296,5.877034358047016,63.69801084990958,66.59132007233272,46.1,MODERATE
2024-05-23 21:00:00,17.3173,78.2354,3764.2,37.5,24.3,85.0,998.9,44.6,340,30.4,90.86799276672694,46.1121157323689,82.3236889692586,8.408679927667272,63.7,HIGH
2024-05-23 21:30:00,17.5585,78.3117,3525.4,31.9,25.0,73.8,1002.5,65.5,65,24.6,85.623869801085,14.828209764918626,64.376130198915,14.873417721518988,53.1,MODERATE
2024-05-23 22:00:00,17.287,78.3251,3171.6,8.4,29.7,84.4,1003.5,62.7,50,36.8,76.67269439421338,42.58589511754069,97.51356238698011,79.8372513562387,74.7,HIGH
2024-06-05 16:30:00,17.4491,78.6522,2219.8,15.2,22.7,90.7,999.4,47.8,85,21.5,29.11392405063291,75.85895117540687,44.66546112115732,60.89511754068716,47.9,MODERATE
2024-06-05 17:00:00,17.378,78.4654,2413.6,28.8,22.9,96.0,1007.2,41.5,45,25.0,40.77757685352622,93.80650994575045,66.59132007233272,20.750452079566006,52.5,MODERATE
2024-06-05 17:30:00,17.2776,78.642,1475.8,20.0,21.9,93.3,998.3,47.0,345,18.5,2.576853526220615,84.49367088607595,26.265822784810126,46.15732368896926,32.4,MODERATE
2024-06-06 18:30:00,17.3295,78.2564,2842.5,16.5,25.9,82.7,1003.7,32.7,355,22.8,67.35985533453888,33.58951175406872,52.84810126582279,56.32911392405063,55.5,MODERATE
2024-06-06 19:00:00,17.5312,78.4463,2702.9,8.7,22.2,95.7,1003.9,48.5,65,25.1,58.40867992766727,92.85714285714286,67.2242314647378,79.15913200723328,71.2,HIGH
2024-06-06 19:30:00,17.4873,78.4564,2686.0,3.1,24.0,86.6,999.0,44.4,90,19.2,56.9620253164557,53.84267631103074,32.09764918625678,93.44484629294756,58.7,MODERATE
2024-06-26 21:45:00,17.3902,78.3688,2471.5,1.7,24.2,91.3,1004.2,33.0,5,16.3,44.936708860759495,77.75768535262206,16.862567811934902,96.29294755877035,56.2,MODERATE
2024-06-26 22:15:00,17.3801,78.6716,2065.9,22.7,25.6,86.2,1003.7,48.6,75,18.7,23.05605786618445,51.80831826401446,27.66726943942134,38.51717902350814,32.8,MODERATE
2024-06-26 22:45:00,17.4308,78.363,2431.3,14.1,24.0,97.7,1001.9,31.6,30,16.5,42.495479204339965,98.86980108499095,17.63110307414105,64.46654611211574,53.2,MODERATE
2024-06-26 23:15:00,17.421,78.5057,1671.2,16.2,23.0,93.7,1006.3,42.9,5,22.2,7.866184448462929,86.21157323688969,48.508137432188065,57.59493670886076,41.6,MODERATE
2024-07-04 19:45:00,17.3804,78.6462,2154.8,13.9,27.0,89.9,999.8,36.4,55,23.4,26.763110307414106,72.15189873417721,57.27848101265823,65.00904159132007,49.6,MODERATE
2024-07-04 20:15:00,17.2833,78.6234,2387.2,13.0,23.4,82.3,1006.3,24.6,215,16.3,39.150090415913205,31.193490054249544,16.862567811934902,67.40506329113924,38.8,MODERATE
2024-07-22 15:45:00,17.3037,78.5394,2048.7,24.5,22.6,85.3,1004.5,47.1,85,18.6,22.51356238698011,47.64918625678119,26.80831826401447,32.50452079566004,30.4,MODERATE
2024-07-22 16:15:00,17.4596,78.4989,1821.3,27.3,23.2,89.2,1003.4,23.2,85,25.1,14.014466546112118,68.3996383363472,67.2242314647378,24.502712477396027,37.6,MODERATE
2024-07-26 15:15:00,17.4705,78.3186,1986.1,28.4,22.9,92.7,1005.4,34.3,255,25.1,20.1627486437613,82.23327305605787,67.2242314647378,21.42857142857143,42.2,MODERATE
2024-07-26 15:45:00,17.3656,78.5538,1779.2,22.8,24.6,86.8,1002.0,42.1,150,24.7,12.74864376130199,54.4755877034358,65.14466546112115,38.01989150090416,36.6,MODERATE
2024-07-26 16:15:00,17.2812,78.6303,2417.6,19.8,24.9,95.6,1002.8,47.9,70,17.0,41.09403254972875,92.45027124773961,19.077757685352623,46.51898734177215,48.0,MODERATE
2024-08-03 17:15:00,17.4819,78.2544,1826.8,24.6,21.9,95.7,998.9,46.7,235,17.1,14.647377938517177,92.85714285714286,19.575045207956602,32.27848101265823,34.8,MODERATE
2024-08-03 17:45:00,17.4317,78.3685,2141.9,4.0,26.8,94.8,1004.7,37.2,15,23.1,26.03978300180832,89.5117540687161,54.56600361663653,91.68173598553345,57.6,MODERATE
2024-08-03 18:15:00,17.4555,78.4188,2110.7,12.4,26.1,85.7,998.1,40.8,215,14.8,24.864376130198913,49.502712477396024,10.804701627486438,69.16817359855334,35.8,MODERATE
2024-08-03 18:45:00,17.433,78.2566,1522.2,19.3,24.1,97.5,1004.8,20.3,95,18.7,4.06871609403255,97.96564195298373,27.66726943942134,47.42314647377939,36.2,MODERATE
2024-08-04 17:30:00,17.3426,78.5421,1746.6,15.3,26.4,93.1,1001.9,31.9,160,18.4,10.849909584086799,83.67992766726944,25.723327305605785,60.66907775768535,38.4,MODERATE
2024-08-04 18:00:00,17.4633,78.3969,2678.5,22.7,24.9,87.8,1000.1,44.8,80,18.8,56.6003616636528,60.89511754068716,28.84267631103074,38.51717902350814,48.3,MODERATE
2024-08-04 18:30:00,17.3281,78.3051,2565.7,6.9,24.4,89.2,1003.8,48.1,200,24.1,50.09041591320072,68.3996383363472,61.25678119349005,84.26763110307414,62.8,HIGH
2024-08-04 19:00:00,17.4268,78.3495,2484.0,9.6,25.5,86.6,1005.5,21.0,90,16.0,46.1121157323689,53.84267631103074,15.687160940325498,76.13019891500905,47.6,MODERATE
2024-08-16 14:15:00,17.5729,78.5334,2500.2,11.7,23.9,84.3,1006.2,49.8,25,20.7,46.745027124773955,42.269439421338156,40.370705244122966,70.84086799276672,49.4,MODERATE
2024-08-16 14:45:00,17.5676,78.3519,2474.1,11.8,25.2,89.6,1007.9,43.3,190,25.3,45.479204339963836,70.84086799276673,68.71609403254972,70.70524412296564,60.2,HIGH
2024-08-16 15:15:00,17.5461,78.6047,2088.7,7.6,23.5,82.3,1003.2,36.2,355,19.4,24.23146473779385,31.193490054249544,33.36347197106691,82.82097649186258,39.2,MODERATE
2024-08-16 15:45:00,17.5487,78.3034,1953.3,12.7,23.5,94.8,1003.2,38.3,275,23.9,19.349005424954793,89.5117540687161,60.2622061482821,68.58047016274864,51.4,MODERATE
2024-08-27 14:45:00,17.5488,78.3988,1468.3,9.0,24.4,88.5,1000.7,24.2,170,23.5,2.0795660036166366,64.28571428571429,57.91139240506329,78.0741410488246,40.9,MODERATE
2024-08-27 15:15:00,17.3695,78.4049,2327.1,21.6,23.7,96.5,1003.6,34.4,30,21.1,36.79927667269439,95.5244122965642,42.405063291139236,40.9132007233273,50.5,MODERATE
2024-09-09 20:30:00,17.4202,78.5151,2216.3,22.2,25.4,90.5,1004.8,48.0,315,18.1,29.023508137432184,74.59312839059675,23.915009041591322,39.7377938517179,39.3,MODERATE
2024-09-09 21:00:00,17.5226,78.6279,2068.2,21.4,26.3,82.7,1003.7,47.3,140,17.6,23.236889692585898,33.58951175406872,21.066907775768534,41.90777576853526,28.6,LOW
2024-10-23 18:30:00,17.5173,78.446,2823.5,25.4,23.3,88.4,1002.2,40.0,185,16.0,65.91320072332731,63.60759493670886,15.687160940325498,29.792043399638334,48.2,MODERATE
2024-10-23 19:00:00,17.3538,78.3021,1693.5,29.2,22.3,86.3,1003.9,39.5,230,14.2,8.499095840867993,52.48643761301989,8.1374321880651,19.34900542495479,19.4,LOW
2024-10-25 16:15:00,17.4102,78.6489,1890.1,15.0,26.8,93.8,1005.5,28.1,340,17.8,16.998191681735985,86.70886075949366,22.106690777576855,61.61844484629295,40.9,MODERATE
2024-10-25 16:45:00,17.2832,78.6205,1414.9,28.1,25.0,87.1,1000.5,20.3,10,15.3,0.406871609403255,56.19349005424955,12.567811934900542,22.513562386980112,18.4,LOW
2024-10-25 17:15:00,17.4565,78.3057,2192.9,17.7,23.1,82.6,998.4,20.8,110,22.3,28.20976491862568,33.047016274864376,49.09584086799277,52.89330922242315,38.3,MODERATE
2024-10-25 17:45:00,17.2871,78.5826,2478.8,26.5,25.0,83.1,1000.5,45.9,220,14.3,45.840867992766725,35.80470162748644,8.7251356238698,26.401446654611217,32.5,MODERATE
2025-03-04 16:00:00,17.4408,78.406,1803.1,19.6,22.2,90.3,1005.7,25.3,330,22.5,13.471971066907775,73.82459312839059,50.31645569620253,47.061482820976494,39.6,MODERATE
2025-03-04 16:30:00,17.2865,78.2375,2860.9,5.8,26.0,91.0,1000.6,24.2,310,19.0,68.53526220614829,76.62748643761303,30.74141048824593,86.84448462929475,66.3,HIGH
2025-03-04 17:00:00,17.3625,78.4481,2074.0,21.3,24.9,92.3,1005.1,29.4,240,16.5,23.508137432188065,81.374321880651,17.63110307414105,42.40506329113924,37.7,MODERATE
2025-03-25 17:30:00,17.2905,78.4421,1852.4,18.4,21.7,83.9,1006.7,38.1,40,22.0,16.09403254972875,40.23508137432188,47.151898734177216,50.45207956600362,34.0,MODERATE
2025-03-25 18:00:00,17.5182,78.5422,2310.4,16.9,26.2,95.1,999.2,47.2,90,17.8,36.12115732368897,90.55153707052442,22.106690777576855,55.01808318264014,48.0,MODERATE
2025-03-25 18:30:00,17.3058,78.2679,1469.7,3.3,23.4,91.5,999.9,48.4,350,23.3,2.1699819168173597,78.39059674502712,56.23869801084991,92.94755877034358,46.4,MODERATE
2025-04-02 16:45:00,17.477,78.6691,3222.0,41.6,30.7,87.9,997.8,42.8,215,29.0,78.39059674502712,61.39240506329114,79.65641952983725,4.159132007233268,60.4,HIGH
2025-04-02 17:15:00,17.5383,78.275,2715.5,35.1,23.8,73.7,998.5,59.9,325,21.2,59.49367088607595,14.556962025316455,43.037974683544306,10.623869801084995,37.4,MODERATE
2025-04-02 17:45:00,17.4058,78.652,3135.7,16.0,24.1,65.1,999.8,39.3,135,25.8,75.9493670886076,0.18083182640144665,71.06690777576854,58.45388788426763,56.3,MODERATE
2025-04-05 19:30:00,17.4361,78.3849,2701.8,28.8,24.7,73.7,1000.7,70.3,60,28.7,58.31826401446655,14.556962025316455,78.79746835443038,20.750452079566006,46.1,MODERATE
2025-04-05 20:00:00,17.2957,78.4888,2427.5,10.6,25.4,72.6,1000.4,67.7,250,33.2,42.08860759493671,12.613019891500905,89.28571428571429,73.01084990958408,51.8,MODERATE
2025-04-07 14:45:00,17.3472,78.2529,2220.5,5.9,23.1,68.0,997.2,43.8,45,37.7,29.294755877034355,5.5153707052441225,99.50271247739603,86.48282097649187,50.0,MODERATE
2025-04-07 15:15:00,17.3281,78.2484,2520.2,20.4,24.8,73.2,1003.8,63.2,115,32.2,47.920433996383366,13.652802893309223,86.57323688969258,44.80108499095841,48.2,MODERATE
2025-04-07 15:45:00,17.4935,78.57,3519.5,14.1,26.4,87.8,1001.0,64.3,215,29.7,85.53345388788426,60.89511754068716,81.10307414104882,64.46654611211574,75.5,HIGH
2025-04-07 16:15:00,17.5018,78.2601,3546.3,44.9,29.2,72.8,997.5,61.7,185,35.9,86.07594936708861,12.884267631103075,95.29837251356238,0.1808318264014508,56.1,MODERATE
2025-04-21 14:00:00,17.3678,78.4661,3959.4,19.2,23.9,90.6,999.4,55.1,270,30.4,94.57504520795659,75.22603978300181,82.3236889692586,47.83001808318264,78.9,HIGH
2025-04-21 14:30:00,17.4523,78.6233,2963.1,34.6,28.0,75.1,996.3,63.4,220,35.1,72.51356238698011,17.088607594936708,93.49005424954791,11.4376130198915,53.4,MODERATE
2025-04-21 15:00:00,17.4242,78.5999,3625.1,19.7,25.7,71.8,1000.2,73.6,45,22.0,87.9746835443038,11.347197106690778,47.151898734177216,46.88065099457505,56.3,MODERATE
2025-04-21 15:30:00,17.2938,78.6447,2452.2,20.7,29.8,89.5,999.6,58.8,125,32.2,43.67088607594937,70.29837251356238,86.57323688969258,44.52983725135624,57.7,MODERATE
2025-04-25 21:30:00,17.51,78.3771,2275.0,41.7,24.1,79.9,997.5,37.6,190,19.0,34.177215189873415,25.361663652802896,30.74141048824593,3.9783001808318286,25.7,LOW
2025-04-25 22:00:00,17.4445,78.4403,2754.1,23.6,26.6,80.8,997.5,38.1,345,20.9,62.0253164556962,27.44122965641953,41.41048824593128,35.75949367088608,45.7,MODERATE
2025-04-25 22:30:00,17.3665,78.4047,3427.4,29.9,26.9,75.8,1003.9,67.8,175,26.7,83.18264014466547,18.128390596745028,74.0506329113924,17.631103074141052,55.2,MODERATE
2025-05-03 20:15:00,17.4918,78.464,3007.2,21.2,24.8,65.5,1000.2,43.5,250,22.2,73.41772151898735,0.949367088607595,48.508137432188065,42.85714285714286,47.8,MODERATE
2025-05-03 20:45:00,17.2778,78.54,3002.8,27.5,28.1,91.3,995.6,51.7,40,22.9,73.23688969258589,77.75768535262206,53.6618444846293,23.779385171790235,60.3,HIGH
2025-05-03 21:15:00,17.3925,78.6328,2578.7,26.9,23.2,85.6,1000.2,60.0,245,19.0,50.67811934900542,48.96021699819168,30.74141048824593,25.813743218806508,41.4,MODERATE
2025-05-14 17:45:00,17.4632,78.3314,2306.8,29.6,23.4,81.5,997.0,71.2,210,27.5,35.714285714285715,28.57142857142857,76.03978300180832,18.58047016274864,38.9,MODERATE
2025-05-14 18:15:00,17.5308,78.346,2813.2,38.4,25.5,76.1,998.1,39.7,315,18.8,65.00904159132007,18.942133815551536,28.84267631103074,7.278481012658233,37.0,MODERATE
2025-05-14 18:45:00,17.355,78.3652,4090.0,44.5,26.8,86.7,1001.6,46.9,130,19.2,97.2875226039783,54.15913200723327,32.09764918625678,0.6329113924050667,56.3,MODERATE
2025-05-17 21:30:00,17.2793,78.6461,2455.6,42.9,27.6,73.3,999.5,55.1,190,18.5,43.85171790235081,13.83363471971067,26.265822784810126,2.44122965641953,26.0,LOW
2025-05-17 22:00:00,17.4883,78.524,3527.5,21.6,23.4,86.2,1001.1,53.9,355,36.0,85.80470162748644,51.80831826401446,95.56962025316456,40.9132007233273,72.0,HIGH
2025-05-17 22:30:00,17.4157,78.6034,3717.8,15.6,24.2,83.9,997.3,71.9,165,20.6,89.96383363471972,40.23508137432188,39.69258589511754,59.6745027124774,63.9,HIGH
2025-05-17 23:00:00,17.4846,78.6401,3471.7,42.5,24.0,67.4,1002.5,69.2,305,34.6,84.08679927667269,4.656419529837252,92.45027124773961,3.164556962025311,53.7,MODERATE
2025-05-19 16:00:00,17.3004,78.6744,4081.7,12.8,24.3,71.5,999.6,57.8,235,22.4,97.10669077757686,10.759493670886076,49.728752260397826,68.30922242314648,64.6,HIGH
2025-05-19 16:30:00,17.3633,78.6544,3513.4,22.5,29.3,87.1,997.6,48.6,105,36.7,85.17179023508137,56.19349005424955,97.24231464737794,39.24050632911392,72.6,HIGH
2025-05-19 17:00:00,17.281,78.4383,3802.4,35.9,30.4,79.4,995.9,58.5,85,33.6,91.77215189873418,24.141048824593128,90.14466546112115,9.990958408679928,61.6,HIGH
2025-05-19 17:30:00,17.3484,78.2739,3431.9,22.4,26.4,79.2,998.3,60.0,25,18.6,83.3634719710669,23.779385171790235,26.80831826401447,39.46654611211573,51.4,MODERATE
2025-05-23 19:30:00,17.3948,78.2376,2268.2,32.4,29.7,84.1,998.7,36.2,315,37.3,33.634719710669074,41.274864376130196,98.73417721518987,14.059674502712483,44.3,MODERATE
2025-05-23 20:00:00,17.3627,78.662,2833.9,31.2,23.6,71.5,1002.0,56.1,340,36.6,66.6365280289331,10.759493670886076,96.9258589511754,15.77757685352622,51.3,MODERATE
2025-05-24 15:30:00,17.2846,78.261,3081.0,15.1,29.0,82.1,1002.0,48.0,260,32.8,74.95479204339965,29.88245931283906,88.29113924050634,61.21157323688969,65.9,HIGH
2025-05-24 16:00:00,17.3254,78.3106,3946.1,34.7,28.3,76.0,997.4,74.2,250,33.9,94.30379746835443,18.535262206148282,91.18444846292948,11.166365280289325,61.9,HIGH
2025-05-24 21:30:00,17.3875,78.3145,3784.4,21.6,23.7,78.1,995.8,40.2,255,22.8,91.41048824593129,21.292947558770344,52.84810126582279,40.9132007233273,59.6,MODERATE
2025-05-24 22:00:00,17.382,78.3088,2396.8,18.1,24.1,69.2,1001.2,35.8,260,20.4,40.054249547920435,6.645569620253164,38.5623869801085,51.35623869801085,35.3,MODERATE
2025-05-27 18:45:00,17.4048,78.2585,3791.4,14.6,26.7,78.0,1000.0,67.7,45,31.8,91.59132007233272,21.112115732368895,85.66907775768536,62.92947558770343,70.6,HIGH
2025-05-27 19:15:00,17.4302,78.2731,3004.0,43.3,31.0,84.7,997.0,39.1,100,26.3,73.32730560578662,44.34900542495479,73.14647377938516,1.898734177215189,53.2,MODERATE
2025-05-27 19:45:00,17.4903,78.6367,3431.6,10.2,23.9,66.3,1000.1,44.7,260,32.7,83.27305605786619,2.7124773960216997,87.88426763110307,74.59312839059675,66.3,HIGH
2025-05-27 20:15:00,17.2983,78.6808,2792.0,39.8,23.0,65.6,999.2,44.5,155,31.8,63.60759493670886,1.1754068716094033,85.66907775768536,5.7414104882459345,44.0,MODERATE
2025-06-08 14:15:00,17.4534,78.4388,1934.3,28.4,24.8,91.3,1000.3,21.5,165,25.2,18.354430379746837,77.75768535262206,68.0379746835443,21.42857142857143,40.8,MODERATE
2025-06-08 14:45:00,17.4638,78.2973,2549.2,2.1,26.0,86.2,1004.9,49.6,135,16.8,49.638336347197104,51.80831826401446,18.49005424954792,95.11754068716094,52.9,MODERATE
2025-06-08 15:15:00,17.4423,78.3731,1667.3,25.8,23.7,88.4,999.7,32.3,250,24.2,7.685352622061482,63.60759493670886,61.88969258589512,28.661844484629295,33.9,MODERATE
2025-06-08 15:45:00,17.5611,78.6655,1617.3,5.3,26.2,88.3,998.0,28.8,355,20.4,6.600361663652802,63.24593128390597,38.5623869801085,88.51717902350813,40.7,MODERATE
2025-07-12 15:00:00,17.4438,78.5851,2792.0,7.8,23.3,89.4,1007.3,48.8,215,13.3,63.60759493670886,69.62025316455697,3.9783001808318263,82.23327305605787,56.6,MODERATE
2025-07-12 15:30:00,17.4122,78.6831,2235.4,19.8,23.3,88.1,1003.9,22.2,165,15.6,30.92224231464738,62.25135623869801,13.698010849909585,46.51898734177215,36.9,MODERATE
2025-07-15 17:15:00,17.3595,78.4257,1678.9,3.3,25.5,86.3,1006.2,51.9,355,13.1,8.1374321880651,52.48643761301989,3.3453887884267632,92.94755877034358,33.0,MODERATE
2025-07-15 17:45:00,17.515,78.5929,2540.0,10.5,24.0,91.5,1007.7,30.5,305,24.9,49.00542495479204,78.39059674502712,66.22965641952983,73.28209764918626,63.2,HIGH
2025-07-15 18:15:00,17.4464,78.4959,1710.4,23.9,25.0,87.1,1000.3,48.1,305,23.7,8.95117540687161,56.19349005424955,59.17721518987342,34.76491862567812,33.6,MODERATE
2025-07-25 17:15:00,17.3457,78.4048,2151.4,28.5,25.7,88.9,998.5,25.4,70,18.4,26.491862567811935,66.45569620253164,25.723327305605785,21.157323688969253,33.3,MODERATE
2025-07-25 17:45:00,17.3853,78.4773,2737.7,27.4,22.7,82.7,1001.1,42.3,10,25.3,60.94032549728752,33.58951175406872,68.71609403254972,24.005424954792044,49.6,MODERATE
2025-07-25 18:15:00,17.2745,78.3842,1616.7,7.0,26.5,82.6,1000.2,29.9,195,20.6,6.50994575045208,33.047016274864376,39.69258589511754,83.99638336347198,34.0,MODERATE
2025-07-25 18:45:00,17.3352,78.3046,1755.2,15.1,23.0,97.2,1002.6,21.9,305,22.2,11.301989150090415,97.2875226039783,48.508137432188065,61.21157323688969,45.9,MODERATE
2025-07-25 20:45:00,17.3804,78.4743,2831.2,27.1,25.8,88.5,1003.6,45.4,300,15.8,66.54611211573237,64.28571428571429,14.783001808318264,25.18083182640145,47.5,MODERATE
2025-07-25 21:15:00,17.523,78.5553,2119.2,17.5,26.9,91.6,1005.9,43.3,95,21.8,25.406871609403254,78.93309222423146,46.1121157323689,53.52622061482821,45.9,MODERATE
2025-07-25 21:45:00,17.408,78.4476,2101.8,1.0,22.8,84.5,1006.9,28.8,255,13.9,24.68354430379747,43.21880650994575,6.826401446654612,97.96564195298373,39.5,MODERATE
2025-07-25 22:15:00,17.4191,78.3288,1654.6,0.0,25.5,83.8,1000.4,29.5,165,19.8,7.323688969258589,39.46654611211573,35.397830018083184,99.90958408679927,37.9,MODERATE
2025-08-01 19:30:00,17.2798,78.3037,2738.8,1.8,26.4,93.4,998.4,33.7,350,22.6,61.12115732368897,84.94575045207957,51.13019891500904,96.06690777576854,70.9,HIGH
2025-08-01 20:00:00,17.5562,78.6292,1899.0,2.5,26.7,90.3,998.7,46.1,355,24.2,17.17902350813743,73.82459312839059,61.88969258589512,94.3490054249548,52.9,MODERATE
2025-08-19 18:30:00,17.3694,78.6377,2671.4,6.3,24.9,83.2,1006.4,25.6,195,13.0,55.96745027124774,36.4376130198915,2.938517179023508,85.71428571428572,47.4,MODERATE
2025-08-19 19:00:00,17.4853,78.5407,2609.8,8.9,24.3,92.7,998.3,32.1,150,21.7,52.26039783001808,82.23327305605787,45.52441229656419,78.39059674502712,62.1,HIGH
2025-08-28 17:30:00,17.5089,78.6755,1880.1,1.1,23.5,82.3,999.9,44.1,185,25.1,16.636528028933093,31.193490054249544,67.2242314647378,97.73960216998192,45.9,MODERATE
2025-08-28 18:00:00,17.3973,78.6817,1924.2,27.7,26.6,85.9,1006.0,33.9,240,24.8,18.083182640144667,50.45207956600362,65.77757685352623,23.417721518987346,35.2,MODERATE
2025-08-28 18:30:00,17.3268,78.6363,2462.0,26.1,23.6,87.0,1001.8,20.6,0,22.1,44.5750452079566,55.56057866184448,47.830018083182644,27.396021699819173,44.0,MODERATE
2025-08-28 19:00:00,17.4163,78.2493,2626.3,29.7,23.7,82.2,999.7,40.9,105,20.6,53.79746835443038,30.37974683544304,39.69258589511754,18.399638336347202,39.2,MODERATE
2025-08-28 19:00:00,17.4539,78.4084,2236.5,17.3,22.4,88.4,1001.4,32.8,140,22.7,31.0126582278481,63.60759493670886,51.94394213381555,54.11392405063291,46.3,MODERATE
2025-08-28 19:30:00,17.4907,78.547,2852.2,24.0,22.3,87.6,1007.7,35.7,105,13.6,67.90235081374321,60.08137432188065,5.379746835443038,34.40325497287523,47.1,MODERATE
2025-09-01 19:45:00,17.5631,78.3288,1473.2,8.8,25.8,94.0,1000.1,26.3,190,21.0,2.3508137432188065,87.16094032549728,41.90777576853526,78.79746835443038,42.5,MODERATE
2025-09-01 20:15:00,17.5281,78.438,2489.7,2.9,23.7,97.7,1006.1,25.1,85,15.9,46.42857142857143,98.86980108499095,15.23508137432188,93.7613019891501,60.1,HIGH
2025-09-22 21:30:00,17.5546,78.6395,2578.7,8.9,24.5,85.6,1002.4,35.5,350,23.6,50.67811934900542,48.96021699819168,58.49909584086799,78.39059674502712,57.4,MODERATE
2025-09-22 22:00:00,17.3957,78.237,2692.7,5.2,24.9,82.4,1002.0,51.6,95,13.4,57.14285714285714,32.05244122965642,4.520795660036167,88.96925858951175,48.0,MODERATE
2025-09-22 22:30:00,17.339,78.4456,2241.4,4.3,24.6,87.1,1001.9,28.9,270,25.0,32.00723327305606,56.19349005424955,66.59132007233272,91.18444846292948,55.6,MODERATE
2025-09-22 23:00:00,17.4667,78.6204,2002.4,24.9,22.3,95.2,1003.4,27.1,350,17.7,20.524412296564197,91.00361663652802,21.47377938517179,31.23869801084991,37.0,MODERATE
2025-09-23 17:30:00,17.4938,78.353,2072.9,26.5,26.8,88.8,1006.3,21.7,285,23.9,23.417721518987342,65.95840867992767,60.2622061482821,26.401446654611217,39.9,MODERATE
2025-09-23 18:00:00,17.3271,78.497,2159.0,12.0,22.2,88.7,998.7,23.2,115,17.8,26.853526220614825,65.64195298372513,22.106690777576855,70.25316455696202,42.3,MODERATE
2025-09-23 18:30:00,17.4784,78.4967,2291.8,8.7,23.0,94.2,1000.6,34.3,140,21.7,35.081374321880645,87.70343580470163,45.52441229656419,79.15913200723328,56.5,MODERATE
2025-09-23 19:00:00,17.3804,78.275,2410.6,0.2,24.1,85.1,1004.3,51.3,320,18.5,40.596745027124776,46.65461121157324,26.265822784810126,99.45750452079565,50.7,MODERATE
2025-09-23 20:45:00,17.3599,78.5323,2652.0,16.8,21.7,89.4,1002.6,37.4,25,21.4,55.15370705244123,69.62025316455697,44.07775768535262,55.4249547920434,55.9,MODERATE
2025-09-23 21:15:00,17.3391,78.6323,1656.5,12.8,22.5,94.4,1002.7,31.2,345,17.1,7.414104882459313,88.20072332730561,19.575045207956602,68.30922242314648,38.2,MODERATE
2025-09-23 21:45:00,17.4515,78.6769,2874.6,17.4,21.5,96.4,1003.7,31.7,35,23.6,69.43942133815551,95.02712477396021,58.49909584086799,53.84267631103074,69.2,HIGH
2025-09-28 15:00:00,17.4576,78.2754,2281.0,13.6,25.8,85.3,1002.5,25.0,355,25.4,34.44846292947559,47.64918625678119,69.16817359855335,65.59674502712478,50.3,MODERATE
2025-09-28 15:30:00,17.3079,78.3449,2044.3,14.6,22.3,92.8,1004.0,29.4,350,12.2,21.971066907775768,82.86618444846293,0.8589511754068716,62.92947558770343,38.1,MODERATE
